Player	Team	Age	GP	W	L	Min	PTS	FGM	FGA	FG%	3PM	3PA	3P%	FTM	FTA	FT%	OREB	DREB	REB	AST	TOV	STL	BLK	PF	FP	DD2	TD3	Plus/Minus
Shai Gilgeous-Alexander	OKC	26	51	43	8	34	32.6	11.4	21.5	52.8	2	5.7	35.5	7.9	8.8	89.9	0.9	4.2	5.1	6	2.6	1.9	1	2.2	53.9	4	0	13.4
Giannis Antetokounmpo	MIL	30	41	23	18	34.9	31.8	12.7	20.9	60.8	0.1	0.8	18.8	6.2	10.7	57.7	2.3	9.9	12.2	5.9	3.4	0.8	1.3	2.4	58	37	5	3.5
Nikola Jokic	DEN	29	48	33	15	36	29.8	11.4	19.6	57.8	2.1	4.5	45.6	5.1	6.2	82.1	3	9.5	12.5	10.3	3.1	1.8	0.7	2.1	64.6	40	24	9.7
Tyrese Maxey	PHI	24	46	19	27	38	27.6	9.6	21.5	44.7	3.3	9.6	34.6	5	5.8	87.2	0.3	3.2	3.5	6.1	2.5	1.9	0.4	2.3	45.2	8	1	-1.2
Anthony Edwards	MIN	23	52	29	23	36.7	27.5	9.2	20.6	44.6	4.2	10	42.4	4.9	5.8	84.1	0.8	5	5.8	4.5	3.5	1.1	0.7	1.9	43.1	3	0	3.4
Luka Doncic	LAL	25	23	14	9	35.1	27.5	9.6	20.9	46	3.3	9.5	34.7	5	6.5	77.2	0.7	7.4	8.2	7.7	3.3	1.9	0.4	2.7	52.4	10	3	8
LaMelo Ball	CHA	23	33	12	21	32.7	27.3	9.5	22.8	41.6	4	11.9	33.8	4.3	5.3	82.2	0.9	4.2	5.1	7.2	3.6	1.3	0.3	3.3	45.6	9	0	-1.5
Kevin Durant	PHX	36	40	24	16	36.3	27.1	9.8	18.6	52.8	2.4	5.9	40.4	5.1	6.2	82.2	0.4	5.6	6	4.1	3	0.8	1.4	1.7	44.3	3	0	0.1
Jayson Tatum	BOS	26	51	36	15	36.4	26.9	9.1	20	45.4	3.6	10.1	36	5.2	6.4	80.2	0.6	8	8.6	5.5	2.8	1.2	0.5	2.2	47.9	22	1	7
Devin Booker	PHX	28	48	25	23	37.2	26.2	8.6	18.9	45.3	2.6	7.7	33.9	6.4	7.2	89.6	1	3.1	4	6.7	2.7	1	0.3	2.4	42.2	8	0	-1.1
Jalen Brunson	NYK	28	52	34	18	35	25.9	8.9	18.3	48.9	2.3	5.8	39.7	5.8	7	81.9	0.4	2.4	2.8	7.5	2.4	0.9	0.1	2.2	41.1	11	0	3.8
Damian Lillard	MIL	34	44	24	20	36.5	25.8	8	17.6	45.2	3.5	9.1	38.2	6.4	6.9	92.1	0.6	4.2	4.7	7.5	3	1.2	0.2	1.8	43.8	11	2	0.7
Anthony Davis	DAL	31	43	25	18	34.2	25.7	9.5	18	52.8	0.7	2.2	31.3	6	7.6	78.6	2.9	9.1	12	3.4	2.2	1.3	2.2	1.9	53.3	33	0	0.7
Franz Wagner	ORL	23	35	19	16	33.1	25.4	9.2	19.8	46.4	2.1	6.4	32	5	5.7	86.6	1	4.6	5.6	5	2.3	1.5	0.4	2.5	43	3	0	3.8
Cade Cunningham	DET	23	49	26	23	35.5	25.3	9.5	20.9	45.5	2.2	6.3	35.3	4.1	4.8	84.8	0.9	5.5	6.4	9.4	4.3	1	0.8	2.6	48	23	8	1.6
Joel Embiid	PHI	30	17	8	9	30.4	24.9	7.8	17.2	45.4	1.4	4.1	33.3	7.9	9.1	87	1.9	6.6	8.5	4.5	3.4	0.8	1	2.3	43.9	7	1	-1.8
Cam Thomas	BKN	23	19	8	11	32.3	24.7	7.9	17.7	44.8	2.8	7.6	37.5	5.9	6.8	87.6	0.5	3.1	3.6	3.4	2.7	0.7	0.1	1.9	33.7	0	0	-2.7
De'Aaron Fox	SAS	27	49	23	26	36.8	24.7	9.1	19.3	46.9	2	6.2	31.9	4.6	5.6	82.4	0.9	3.9	4.9	6.3	2.9	1.5	0.4	2.7	43	8	0	0.7
LeBron James	LAL	40	47	29	18	34.6	24.4	9.4	18.2	51.7	2.2	5.6	39.2	3.4	4.5	76.4	0.9	6.9	7.8	9	3.9	0.9	0.5	1.4	47.6	24	10	-0.6
Victor Wembanyama	SAS	21	45	21	24	33.1	24.4	8.9	18.7	47.7	3.1	8.8	35.5	3.5	4.2	83.4	1.8	9.2	11	3.6	3.3	1.2	3.9	2.2	54.8	27	1	2.4
Karl-Anthony Towns	NYK	29	48	33	15	34.6	24.3	8.8	16.5	53.3	2	4.6	42.6	4.8	5.7	84.3	3.1	10.3	13.5	3.3	2.5	1	0.8	3.5	48.4	40	0	6.6
Kyrie Irving	DAL	32	43	25	18	36.5	24.2	8.8	18.7	47.4	2.8	7	40.4	3.7	4.1	89.9	1.2	3.6	4.7	4.9	2.3	1.3	0.4	2	40.1	0	0	3.2
Donovan Mitchell	CLE	28	50	40	10	31.3	24	8.5	18.6	45.5	3.6	9.2	39.4	3.4	4.1	83.3	0.6	3.7	4.3	4.8	2	1.4	0.2	2	39.3	3	0	8.7
Norman Powell	LAC	31	43	25	18	33.3	24	8.3	16.8	49.6	3.4	7.9	42.9	3.9	4.7	82.4	0.3	3.2	3.5	2.3	2	1.3	0.2	1.9	34	1	0	4.4
Zion Williamson	NOP	24	17	4	13	28.2	23.9	9.1	17	53.6	0.1	0.6	18.2	5.5	8.5	64.8	2.7	4.6	7.3	4.9	3.2	1.2	1	2.9	43.4	5	0	-2.4
Tyler Herro	MIA	25	49	25	24	35.6	23.7	8.2	17.7	46.4	3.8	9.7	38.8	3.5	4.1	86	0.4	5.2	5.6	5.6	2.7	0.7	0.1	1.4	38.7	7	0	0.1
Zach LaVine	SAC	29	46	20	26	34.2	23.5	8.5	16.8	50.4	3.1	7.2	42.6	3.5	4.3	80.4	0.3	4.4	4.7	4.4	2.8	0.9	0.2	1.6	36.3	3	0	-0.1
Trae Young	ATL	26	50	24	26	36.1	23.4	7.2	17.8	40.8	2.9	8.7	33.6	6	7	85.7	0.5	2.7	3.2	11.4	4.8	1.2	0.2	2	43.8	31	0	0.3
Stephen Curry	GSW	36	44	21	23	32.1	23.3	7.8	17.9	43.6	4.4	11.1	39.2	3.4	3.6	93.1	0.5	4	4.5	6.1	2.9	1	0.5	1.3	39.5	6	0	2.3
Jaren Jackson Jr.	MEM	25	51	35	16	29.8	23.2	8.4	16.9	49.7	2	5.4	36.6	4.5	5.8	77.4	1.5	4.6	6	2.2	2.3	1.3	1.6	3.3	40.4	4	0	7.4
Jaylen Brown	BOS	28	46	32	14	35.3	22.9	8.5	18.5	46.1	1.9	6	32.4	4	5.3	74.6	1.4	4.6	6	4.8	2.7	1.2	0.3	2.6	39.2	5	0	5.5
Trey Murphy III	NOP	24	37	8	29	35.4	22.6	7.6	16.1	47.2	3.3	8.5	38.7	4.1	4.6	89.3	0.9	4.2	5.1	3.4	1.7	1.2	0.7	2.3	38	1	0	-7.1
Paolo Banchero	ORL	22	21	7	14	33.4	22.5	8	18.7	42.9	1.6	5.4	29.2	4.9	7.6	64.8	1	6	7.1	5	3.2	0.7	0.8	2.2	39.6	3	0	-5
CJ McCollum	NOP	33	39	10	29	33.4	22.2	8.3	18.4	45	3.2	8.3	38.1	2.5	3.5	72.6	0.7	3	3.7	3.8	1.8	0.8	0.6	2.3	34.6	0	0	-4.7
Brandon Ingram	TOR	27	18	5	13	33.1	22.2	8.6	18.5	46.5	2.4	6.4	37.4	2.6	3.1	85.5	0.9	4.6	5.6	5.2	3.8	0.9	0.6	2.5	37.3	0	0	-7.1
DeMar DeRozan	SAC	35	48	25	23	35.8	21.9	8.1	16.6	49	0.9	2.8	33.6	4.7	5.4	86.2	0.5	3.3	3.9	3.7	1.4	1	0.5	1.9	35.1	0	0	2
Darius Garland	CLE	25	51	41	10	30.3	21.8	7.8	15.6	49.9	3	6.9	43.8	3.2	3.6	87.5	0.6	2	2.5	6.6	2.5	1.1	0.2	2.1	36.1	5	0	6.8
RJ Barrett	TOR	24	41	14	27	33.3	21.6	8.1	17.3	47	1.8	5.2	34.9	3.5	5.4	65.5	1	5.6	6.6	5.7	3	0.8	0.3	2.6	38.4	9	2	-2.5
Jalen Green	HOU	23	53	33	20	33.4	21.4	7.6	17.7	42.7	2.8	8.1	35.1	3.5	4.1	85.2	0.6	3.8	4.4	3	2.5	0.9	0.3	1.7	32.2	1	0	1.1
James Harden	LAC	35	49	29	20	34	21.3	6.2	15.8	39.5	2.8	8.1	34.2	6.1	6.8	89.2	0.6	5.1	5.7	8.6	4.5	1.5	0.6	2.1	42.7	23	2	3.2
Jalen Williams	OKC	23	49	40	9	32.6	21.1	8.2	17	47.9	1.7	4.9	35	3	3.9	77.9	0.8	4.7	5.5	5.1	2.3	1.8	0.7	2.4	40.5	3	0	6.9
Brandon Miller	CHA	22	27	8	19	34.2	21	7.3	18.2	40.3	3.9	10.9	35.5	2.5	2.9	86.1	0.9	3.9	4.9	3.6	2.8	1.1	0.7	2.7	34.9	2	0	-4.6
Pascal Siakam	IND	30	52	29	23	33.1	20.8	8	15.1	53.1	1.8	4.2	41.4	3.1	3.9	77.9	1.8	5.5	7.3	3.4	1.3	0.9	0.5	2.6	37.6	8	0	2.6
Jordan Poole	WAS	25	46	9	37	31.2	20.7	6.7	16.2	41.4	3.5	9.4	37	3.8	4.4	87.1	0.5	2.7	3.2	4.9	3.4	1.4	0.5	3.2	34.3	1	0	-9.3
Ja Morant	MEM	25	32	22	10	28.8	20.7	7.1	15.9	44.7	1.6	4.9	32.1	4.9	6.1	81	0.7	3.6	4.3	7.4	3.8	1.3	0.3	1.8	38.1	10	1	6.5
Domantas Sabonis	SAC	28	50	26	24	36.1	20.4	8	13.3	59.9	1.1	2.4	45.8	3.4	4.5	75.3	4	10.3	14.3	6.3	3	0.6	0.4	3.6	47.1	47	8	3.1
Jamal Murray	DEN	27	47	29	18	35.9	20.3	7.6	16.3	46.7	2	5.5	36.9	3	3.5	87.1	0.6	3.3	3.9	6.1	2.1	1.4	0.6	1.9	38.1	5	0	5
Scottie Barnes	TOR	23	41	15	26	34.6	20.2	7.6	17	44.6	1.3	5	26.8	3.6	4.7	77.1	1.5	6.3	7.8	6.3	3	1.5	1.1	2.1	43.8	17	1	-3.1
Miles Bridges	CHA	26	37	10	27	32	19.5	7.2	16.4	43.8	2	6.7	30.4	3.1	3.6	85.9	1.1	6.6	7.7	3.8	2.1	0.6	0.6	1.5	36.2	7	1	-2.4
Lauri Markkanen	UTA	27	39	7	32	32	19.2	6.3	14.8	42.5	2.9	8.5	34.5	3.7	4.3	86.4	1.6	4.5	6.1	1.7	1.4	0.7	0.4	1.8	31.2	4	0	-4.2
Austin Reaves	LAL	26	46	30	16	34.7	19.2	6.3	13.9	45.1	2.6	7	36.7	4.1	4.7	86.6	0.8	3.6	4.4	6.1	2.4	1.2	0.2	2	35.3	6	1	3.2
Cameron Johnson	BKN	28	38	16	22	31.9	19.2	6.4	13	49	3.2	7.6	41.7	3.3	3.6	89.9	0.8	3.3	4.1	2.9	1.6	0.7	0.5	1.7	30.5	1	0	-3
Nikola Vucevic	CHI	34	53	21	32	32.1	19.1	7.8	14.5	53.8	1.8	4.6	38.3	1.7	2.1	80.4	2.3	7.9	10.2	3.5	1.6	0.9	0.7	2.4	39.7	34	1	-2.9
Kristaps Porzingis	BOS	29	28	17	11	28.7	19.1	6.5	13.6	47.4	2.4	6	39.6	3.8	4.5	83.3	1.6	5.5	7.1	2	1	0.8	1.6	2.8	36.8	4	0	2.2
Alperen Sengun	HOU	22	50	33	17	31	19	7.5	15.3	49.1	0.3	1.4	23.9	3.7	5.2	70.1	3.4	7	10.4	4.9	2.4	1.2	0.8	2.8	42.4	30	3	4.5
Michael Porter Jr.	DEN	26	52	33	19	33.3	19	7.2	13.7	52.3	2.7	6.4	41.7	1.9	2.6	74.3	1.7	4.8	6.5	2.2	1.4	0.6	0.5	1.8	32	8	0	6
Jalen Johnson	ATL	23	36	18	18	35.7	18.9	7.5	15.1	50	1.2	3.9	31.2	2.6	3.5	74.6	1.7	8.3	10	5	2.9	1.6	1	1.9	43.1	20	1	1.5
Julius Randle	MIN	30	48	27	21	32.6	18.9	6.6	14	47	1.5	4.6	32.1	4.2	5.2	81.1	2.1	5	7.2	4.5	2.8	0.7	0.2	2.5	34.2	9	0	2
De'Andre Hunter	CLE	27	38	19	19	28.6	18.8	6.1	13.1	46.1	2.6	6.6	39.8	4.1	4.7	85.6	0.7	3.1	3.8	1.5	1.6	0.8	0.1	2.4	27	1	0	-1.6
Evan Mobley	CLE	23	47	39	8	30.1	18.7	7.2	12.6	56.9	1.1	2.9	38.1	3.2	4.2	76.1	2.1	6.9	9	3	1.9	0.9	1.5	2	39.3	23	0	9
Anfernee Simons	POR	25	50	20	30	32.3	18.5	6.5	15.4	42.4	3	8.1	37.5	2.4	2.6	90.2	0.3	2.4	2.7	5	2.1	0.8	0.1	1.8	29.8	2	0	-4.5
Coby White	CHI	24	47	18	29	32.5	18.4	6.2	14.3	43.3	3.1	8.2	37.4	3	3.4	89.3	0.3	3	3.3	4.6	2.4	0.9	0.2	2.2	30.1	1	0	-4.3
Collin Sexton	UTA	26	46	11	35	28.5	18.3	6.5	13.6	47.8	1.9	4.6	41.2	3.5	3.9	89.4	1.1	1.8	2.9	4.1	2.5	0.7	0.1	2.3	27.7	1	0	-2
John Collins	UTA	27	34	10	24	30.3	18.2	6.7	12.7	52.5	1.5	3.3	44.2	3.4	3.9	87.1	2.2	6	8.2	2.2	2.7	1	1.1	3	34.9	11	0	-0.4
Desmond Bane	MEM	26	42	27	15	30.3	18	6.8	13.7	49.7	2.2	5.6	38.6	2.2	2.6	86.2	0.9	4.9	5.8	5.4	2.5	1.2	0.4	2.4	35.5	6	0	4.9
Malik Monk	SAC	27	45	25	20	32.3	18	6.6	14.9	44.3	2.2	6.8	32.4	2.6	2.9	87.1	0.4	3.4	3.8	5.8	2.2	1	0.6	2.7	33.9	3	0	2.2
Mikal Bridges	NYK	28	53	35	18	38.1	17.8	7.3	14.9	49.1	2.3	6.5	35.9	0.9	1.2	74.2	0.9	2.2	3.1	3.3	1.5	1	0.5	1.5	29.4	0	0	5.9
Tyrese Haliburton	IND	24	51	29	22	34	17.8	6.2	13.7	44.9	2.9	7.8	36.6	2.6	3.1	84.6	0.6	3	3.6	8.5	1.8	1.3	0.7	1.4	39	15	0	1
Jaden Ivey	DET	23	30	14	16	29.9	17.6	6.3	13.8	46	2.1	5.1	40.9	2.8	3.9	73.3	1.3	2.8	4.1	4	3	0.9	0.4	2.2	29.4	0	0	-2.1
Dejounte Murray	NOP	28	31	9	22	32.6	17.5	6.3	15.9	39.3	1.7	5.6	29.9	3.3	4	82.3	0.5	5.9	6.5	7.4	3.4	2	0.4	2	40.1	8	1	-6.7
Jimmy Butler III	GSW	35	27	15	12	30.6	17.4	5.7	10.6	53.3	0.5	1.4	33.3	5.6	7	80.4	2.3	3	5.3	4.8	1.2	1.2	0.4	1	34.6	2	1	2.7
Andrew Wiggins	MIA	29	44	21	23	30.2	17.4	6	13.6	44	2.2	5.8	37.5	3.2	4.1	78	1.5	3.1	4.6	2.4	1.3	0.9	0.8	1.6	30.4	3	0	-1.8
Bradley Beal	PHX	31	37	17	20	32.4	17.4	6.6	13.3	49.5	2	5.1	40.1	2.2	2.7	81	0.7	2.7	3.4	3.4	2	1.1	0.6	2.6	29.8	0	0	-4.1
Shaedon Sharpe	POR	21	46	20	26	30.2	17.2	6.4	14.3	44.5	1.9	6.1	31.2	2.5	3.1	80.3	0.7	3.1	3.8	2.4	1.8	0.8	0.2	1.8	26.6	0	0	-4.1
Jordan Clarkson	UTA	32	29	8	21	26.3	16.9	5.7	13.6	41.8	2.4	6.3	37.7	3.1	3.8	82.6	0.6	2.5	3.1	3.8	2.1	0.9	0.3	1.6	27.5	0	0	-7.2
Jonathan Kuminga	GSW	22	32	18	14	26	16.8	6.1	13.2	45.9	1.3	3.6	34.5	3.4	5.3	63.9	1.4	3.6	5	2.2	1.6	0.9	0.6	1.9	28.8	2	0	0.5
Paul George	PHI	34	34	14	20	32	16.6	6.1	14.1	43	2.4	6.5	37.1	2	2.5	82.1	0.6	4.7	5.3	4.4	2.6	1.8	0.4	2.6	33.4	3	0	-1.7
Malik Beasley	DET	28	54	28	26	27.7	16.6	5.8	13.2	43.7	3.9	9.5	41.5	1.1	1.6	66.7	0.6	2.3	2.9	1.7	1.1	0.9	0	1.5	24.5	1	0	1.7
Bam Adebayo	MIA	27	50	25	25	34	16.5	6.4	13.6	46.8	0.7	2.6	28.5	3	4.2	73.1	2.6	7.4	10	4.5	2.2	1.2	0.8	2.1	39.1	28	1	-0.4
Keyonte George	UTA	21	42	8	34	31.4	16.4	5.3	13.5	39.4	2.5	7.6	33.3	3.2	4	81.9	0.4	3.1	3.5	5.8	2.9	0.7	0.2	1.8	29.2	3	0	-7.1
Bennedict Mathurin	IND	22	50	27	23	31.5	16.4	5.7	12.2	47.1	1.5	4.2	34.9	3.4	4.2	81.5	1.2	4.4	5.7	1.9	1.9	0.6	0.4	2.4	27	7	0	1
OG Anunoby	NYK	27	49	32	17	36.3	16.4	6.2	12.8	48.2	2.1	5.8	36.5	1.9	2.4	79.2	1.3	3.4	4.7	2	1.3	1.4	0.9	2.3	30.6	1	0	6.2
Jalen Suggs	ORL	23	35	20	15	28.6	16.2	5.6	13.7	41	2.2	6.9	31.4	2.8	3.1	88.2	0.7	3.4	4	3.7	2.9	1.5	0.9	2.8	30.8	0	0	0.1
Devin Vassell	SAS	24	36	15	21	30.5	16.1	6.1	14	43.9	2.3	6.5	36.1	1.5	2	75.3	0.6	2.9	3.6	2.9	1.5	1.1	0.5	1.6	28.1	0	0	-4.6
Derrick White	BOS	30	51	37	14	33.5	16.1	5.5	12.4	44.1	3.3	8.8	38	1.8	2.1	83.5	0.9	3.3	4.2	4.2	1.5	0.8	1.1	1.9	31.8	1	0	6.5
Kawhi Leonard	LAC	33	14	9	5	25.4	15.7	6.4	13.7	46.4	1.5	4.1	36.2	1.5	1.9	77.8	0.6	4	4.6	2.6	2.1	0.9	0.5	1.3	27	0	0	5.8
Mark Williams	CHA	23	23	4	19	25	15.6	6.1	10.4	58.6	0	0	0	3.4	4.3	78	3.3	6.3	9.6	2.5	1	0.7	1.2	2.6	35.3	8	0	-5.6
Ivica Zubac	LAC	27	50	29	21	32	15.4	6.8	11.1	61.6	0	0	0	1.7	2.8	61.6	3.8	8.9	12.7	2.5	1.7	0.8	1.1	2	38.4	32	0	4.9
Gradey Dick	TOR	21	47	13	34	29.6	15.3	5.2	12.6	41.7	2.2	6.2	34.8	2.7	3	88.1	0.8	2.6	3.4	1.9	1.6	0.9	0.2	2.3	23.9	0	0	-2.7
Jared McCain	PHI	20	23	7	16	25.7	15.3	5.5	11.9	46	2.2	5.8	38.3	2.1	2.4	87.5	0.6	1.9	2.4	2.6	1.6	0.7	0	1.6	22.5	1	0	-1.2
Immanuel Quickley	TOR	25	15	3	12	26.8	15.3	4.9	11.7	42	2.2	5.9	37.5	3.2	3.5	90.6	0.4	2.3	2.7	5.7	1.9	0.5	0.1	1.7	27.1	2	0	-4.1
Kyle Kuzma	MIL	29	35	5	30	28	15.2	5.9	14	42	1.4	5	28	2	3.3	61.7	0.9	5	5.9	2.4	2.3	0.6	0.2	1.7	26.1	3	0	-12.2
Myles Turner	IND	28	46	26	20	30.6	15.1	5.4	11.3	47.5	2	5.1	39.8	2.3	3.1	75.2	1.3	5.3	6.6	1.5	1.9	0.8	1.8	2.8	31.1	8	0	0.9
Chet Holmgren	OKC	22	12	10	2	26	15	5.2	10.5	49.2	1.3	3.6	37.2	3.3	4.4	75.5	1.3	6.8	8.2	1.8	2.2	0.9	2.9	2	36.8	4	0	9.8
Christian Braun	DEN	23	53	34	19	32.8	14.9	5.8	10.1	57.9	1	2.6	37	2.3	2.7	83.3	1.3	3.7	5	2.1	1	1.1	0.5	2.2	28.1	2	0	6.1
Jerami Grant	POR	30	41	19	22	32.4	14.7	4.7	12.2	38.3	2.3	6.1	37.1	3	3.6	85.6	0.6	2.7	3.3	2.2	1.3	0.8	1	2.3	26	0	0	-4.6
Josh Hart	NYK	29	52	34	18	37.6	14.7	5.7	10.1	56	1.1	3.3	34.3	2.2	2.7	80.1	2.2	7.4	9.6	5.7	1.9	1.6	0.3	2.6	38.6	24	7	3.9
Fred VanVleet	HOU	30	45	30	15	35.5	14.6	5	13	38.7	2.7	7.8	34.4	1.9	2.3	82.4	0.7	3.2	3.9	5.8	1.6	1.6	0.4	2.4	32.6	4	0	4.7
Deni Avdija	POR	24	51	23	28	28.7	14.5	4.8	10.4	46	1.5	4.4	34.1	3.5	4.4	77.9	1.2	5.2	6.4	3.5	2.5	1	0.5	2.3	29.6	7	0	-2.8
Deandre Ayton	POR	26	40	17	23	30.1	14.4	6.6	11.7	56.6	0.2	0.8	18.8	1	1.5	66.7	3.1	7.1	10.2	1.6	1.7	0.8	1	2.2	32.5	20	0	-4.1
P.J. Washington	DAL	26	43	26	17	32.5	14.2	5.1	11.7	43.7	1.6	4.2	37.8	2.5	3.3	75.7	1.6	6.6	8.2	2.3	1.9	1.2	1	2.4	32.4	13	0	3.4
Kelly Oubre Jr.	PHI	29	50	19	31	34.6	14.2	5.5	11.9	46.1	1.1	4	28.2	2.1	2.8	74.1	1.7	4.9	6.5	1.9	1.3	1.5	0.5	2.9	29.7	10	0	-2.9
Jakob Poeltl	TOR	29	45	16	29	30.9	14.2	6.2	10.2	61	0	0	0	1.7	2.6	65.8	3.5	6.6	10.1	2.8	1.9	1.2	1.3	3.3	36	19	0	-2.2
Naz Reid	MIN	25	53	29	24	26.4	14.1	5.2	10.9	48.3	2.2	5.4	41.6	1.4	1.8	77.4	1	4.3	5.3	1.9	1.2	0.8	0.9	2.4	27.1	4	0	2.9
Tre Mann	CHA	24	13	6	7	24.5	14.1	5.4	12.4	43.5	1.8	4.6	40	1.5	1.6	90.5	0.9	2	2.9	3	1.9	0.5	0.3	1.8	22.7	0	0	-4.2
Dennis Schroder	DET	31	49	22	27	29.2	14	5	12	41.5	2	5.5	35.8	2.1	2.5	84.7	0.3	2.3	2.6	5.4	2.2	1	0.1	2.5	26.5	4	0	-2.2
Payton Pritchard	BOS	27	53	37	16	27.8	13.9	4.9	10.4	47.1	3.2	7.6	41.6	1	1.2	83.6	1.3	2.5	3.8	3.5	1	0.9	0.2	1.6	26	3	0	6.4
Bobby Portis	MIL	30	45	26	19	25.3	13.8	5.6	12.2	46.4	1.3	3.6	36.6	1.2	1.5	82.1	1.8	6.6	8.4	2.2	1.2	0.7	0.6	1.9	29.7	9	0	1.5
Amen Thompson	HOU	22	50	31	19	31.7	13.8	5.3	9.7	54.6	0.3	1.3	25.8	2.9	4	71.1	2.7	5.3	8	3.3	2.1	1.4	1.2	2.4	34.3	14	2	2.5
Klay Thompson	DAL	35	47	23	24	27.2	13.8	5	11.9	42	3	7.6	39.3	0.8	0.9	90.2	0.6	2.8	3.4	2	1.4	0.8	0.4	1.3	23.2	0	0	3.1
Dyson Daniels	ATL	21	49	24	25	33.9	13.7	5.7	12.2	46.9	1.1	3.4	32.7	1.2	1.9	62	1.7	3.8	5.5	4	1.9	3	0.8	2.5	35.7	4	0	-2.8
Jarrett Allen	CLE	26	53	43	10	28.9	13.6	5.5	7.9	69.8	0	0	0	2.5	3.4	74.9	2.7	7.7	10.3	2	1.2	0.9	0.9	1.5	33.5	29	0	6.9
Dillon Brooks	HOU	29	50	31	19	32.5	13.6	4.9	11.9	41.5	2.3	6.1	38.5	1.4	1.7	83.5	1.2	2.6	3.9	1.5	1	0.8	0.2	3.5	22.5	0	0	2.7
Jordan Goodwin	LAL	26	2	2	0	23.2	13.5	6	9	66.7	1	2	50	0.5	0.5	100	2.5	3.5	6	1	1	1	0	2	24.2	0	0	0.5
Tobias Harris	DET	32	52	27	25	31.9	13.4	5.2	11.2	45.9	1.2	3.8	32.3	1.8	2.1	87.3	0.9	5	5.9	2.3	1.1	0.9	0.8	1.8	28	4	0	2.5
Rui Hachimura	LAL	27	44	27	17	32	13.2	5	9.8	50.9	1.7	3.9	42.9	1.6	2	79.3	1.5	3.7	5.2	1.5	0.9	0.9	0.5	1.9	24.8	1	0	2
Russell Westbrook	DEN	36	48	29	19	27.7	13	4.9	10.3	47.7	1.1	3.5	33.1	2	3.2	64.1	1.4	3.7	5.1	6.4	3	1.5	0.5	2.5	31.7	9	3	1.3
D'Angelo Russell	BKN	28	44	23	21	25.6	12.9	4.4	11	40	2	6	32.8	2.2	2.5	87.4	0.3	2.5	2.8	5.1	1.9	1	0.4	1.9	26.2	3	0	0.7
Moritz Wagner	ORL	27	30	18	12	18.8	12.9	4.7	8.3	56.2	0.9	2.5	36	2.6	3.7	71.8	1.3	3.6	4.9	1.4	1.6	0.8	0.4	1.8	22.9	1	0	-0.6
Santi Aldama	MEM	24	45	31	14	24.6	12.8	5	10.1	49.3	1.8	4.6	37.8	1.1	1.5	72.1	1.6	5.1	6.7	2.5	1.1	0.8	0.5	1.1	27.5	9	0	5.1
Stephon Castle	SAS	20	50	22	28	25.6	12.7	4.6	10.9	41.9	1.1	3.8	28.8	2.5	3.5	72.8	0.8	2	2.8	3.6	1.9	0.8	0.3	1.7	22.9	0	0	-0.8
Malcolm Brogdon	WAS	32	23	6	17	23.9	12.7	4.3	10	42.9	0.7	2.4	28.6	3.4	3.9	87.8	0.9	3	4	4	1.6	0.6	0.2	1.3	24.2	2	0	-5.3
Khris Middleton	WAS	33	23	12	11	23.2	12.6	4.7	9.2	51.2	1.5	3.7	40.7	1.7	2	84.8	0.2	3.5	3.7	4.4	1.6	0.7	0.2	2.3	25	0	0	2.5
Bilal Coulibaly	WAS	20	49	9	40	33.4	12.6	4.5	10.7	42.1	1.1	3.9	28.3	2.5	3.2	76.1	1.5	3.6	5.1	3.4	2.1	1.3	0.7	2.4	28	2	1	-11.7
Scoot Henderson	POR	21	47	21	26	26.5	12.4	4.2	9.8	43.4	1.5	4	36.5	2.5	3.1	78.9	0.7	2.3	3	5.3	2.6	1.1	0.3	2.6	25.5	2	0	-2.2
Terry Rozier	MIA	30	47	21	26	28.5	12.4	4.6	11.2	40.7	1.6	5.3	30.6	1.6	1.9	85.6	0.8	3.3	4.1	2.9	1.4	0.6	0.3	1.4	22.8	0	0	-2.4
Daniel Gafford	DAL	26	51	26	25	21.9	12.3	5	7.1	69.9	0	0	0	2.4	3.4	69.9	2.7	4.1	6.9	1.4	1.2	0.4	1.9	2.7	28.4	8	0	0.9
Ayo Dosunmu	CHI	25	43	16	27	30.4	12.3	4.8	9.7	49.3	1.4	4.1	34.5	1.3	1.7	78.9	0.6	2.9	3.4	4.6	1.4	0.9	0.4	2.3	25.8	1	1	-5.1
Brook Lopez	MIL	36	51	28	23	31.8	12.1	4.6	9.7	47.4	1.9	5.1	36.7	1.1	1.4	81.2	1.2	3.5	4.7	1.7	1	0.7	1.9	2.2	27.2	1	0	1.2
Aaron Gordon	DEN	29	32	22	10	26.5	12.1	4.2	8.4	50.2	1.1	2.7	41.4	2.6	3.2	79.6	1.5	3.3	4.8	3.2	1.3	0.5	0.3	1.5	23.6	2	0	6.9
Keegan Murray	SAC	24	50	25	25	35	12.1	4.7	10.8	43.7	1.8	5.6	32.4	0.9	1	82.7	2.1	4.9	7	1.4	0.9	0.8	0.9	2.6	26.9	11	0	0.4
Josh Giddey	CHI	22	50	21	29	28.7	12.1	4.6	10.3	44.6	1.3	3.9	33.7	1.6	2.1	75.5	1.6	5.6	7.2	6.5	2.7	1.1	0.6	1.6	32.7	15	2	-3.5
Daeqwon Plowden	ATL	26	2	1	1	16.4	12	4	5	80	3	4	75	1	1	100	1.5	1	2.5	0	0.5	0	0	2.5	14.5	0	0	6
Onyeka Okongwu	ATL	24	47	22	25	25.2	12	4.7	8.4	56.5	0.4	1.6	27.6	2	2.7	75.4	2.8	5.1	7.9	2	1	0.8	0.9	2.4	28.5	13	0	-0.9
Jabari Smith Jr.	HOU	21	33	22	11	30.9	11.9	4.1	9.5	43.5	1.7	4.8	35.4	2	2.3	86.7	1.8	4.7	6.5	1	0.9	0.4	1	2.3	24.3	5	0	3.3
Jeremy Sochan	SAS	21	32	13	19	26.5	11.9	4.8	8.8	54.4	0.5	1.5	34	1.8	2.5	72.2	2.5	4.8	7.3	2.6	1.8	0.9	0.6	2.4	27.2	7	0	-0.4
Buddy Hield	GSW	32	53	27	26	23.7	11.8	4.3	10.3	41.4	2.6	7	37	0.7	0.8	82.2	0.6	2.8	3.4	1.7	1.2	0.9	0.3	1.8	20.7	0	0	0.1
Harrison Barnes	SAS	32	51	23	28	28	11.8	4.1	8	50.6	1.6	3.8	42.5	2.1	2.6	80.5	1.5	2.6	4.1	1.7	0.6	0.4	0.2	1	20.5	1	0	0.6
Keldon Johnson	SAS	25	48	21	27	23.3	11.6	4.3	9.6	45.2	1.1	3.6	30.2	1.9	2.5	77.1	1.3	3.3	4.6	1.3	0.9	0.6	0.2	1.4	20.7	2	0	-3.6
Corey Kispert	WAS	25	48	8	40	26.8	11.6	4.3	9.5	44.9	1.9	5.5	35.2	1.1	1.3	87.1	0.7	2.4	3	1.7	1.1	0.5	0.2	1.6	18.9	0	0	-4.8
Alex Sarr	WAS	19	41	5	36	26.8	11.5	4.3	10.9	39.7	1.4	4.6	30.7	1.4	2.1	64.4	1.8	4.8	6.6	2.2	1.4	0.7	1.6	2.4	28	6	0	-10
Ty Jerome	CLE	27	50	41	9	19.1	11.4	4.2	8.1	51.6	1.5	3.4	42.7	1.6	1.8	89.8	0.7	1.7	2.5	3.4	1.2	1.2	0	1.4	21.7	0	0	4.4
Zaccharie Risacher	ATL	19	47	24	23	23.7	11.3	4.3	9.9	43	1.3	4.1	31.3	1.5	2.2	70.6	1.3	2.1	3.4	1.2	1.1	0.8	0.4	2	19.8	0	0	-2
Jonas Valanciunas	SAC	32	52	10	42	19.8	11.3	4.6	8.5	54.4	0.1	0.5	25.9	2	2.2	89.5	2.5	5.6	8.1	2.2	1.8	0.4	0.6	2.1	25.5	14	0	-6.3
Jaden McDaniels	MIN	24	54	30	24	31.6	11.3	4.4	9.5	47	1.3	3.8	34	1.1	1.4	80.5	1.5	4	5.5	1.7	1.1	1.5	0.9	3	26.4	5	0	1.1
Isaiah Hartenstein	OKC	26	32	29	3	29	11.3	4.8	8.7	56	0	0.4	0	1.6	2.5	64.6	3.1	8.9	12.1	4.1	1.8	0.8	1.1	2.9	35.9	18	0	9.5
Naji Marshall	DAL	27	41	21	20	24.5	11.2	4.5	8.8	50.8	0.9	2.9	31.6	1.4	1.7	84.1	0.8	2.8	3.6	2.6	1.3	1	0.1	1.5	21.4	1	0	-0.2
Walker Kessler	UTA	23	41	10	31	30.3	11.2	4.8	6.8	71	0	0.1	33.3	1.5	2.7	55.4	4.6	7.3	11.9	1.6	1.5	0.6	2.3	2.2	35	22	0	-4.2
Guerschon Yabusele	PHI	29	50	20	30	26.7	11.2	4.1	8	51.8	1.6	3.9	40.2	1.4	1.9	74.2	1.9	3.7	5.6	2	1.3	0.8	0.4	2.5	23.3	3	0	-1
Tyus Jones	PHX	28	52	26	26	29.5	11.1	4.1	9.1	45.6	2.1	5.1	40.8	0.8	0.9	88.9	0.6	1.9	2.4	6	1.3	0.9	0.1	1	24.7	5	0	-2.1
Tari Eason	HOU	23	35	20	15	23.9	11.1	4.3	9.1	47.3	1	2.9	33.7	1.6	2.1	75.3	2.1	4.1	6.3	1.1	0.9	1.9	0.9	2.4	27.9	3	0	2.2
Jaylen Wells	MEM	21	53	36	17	25.7	11.1	3.9	8.9	44.2	1.8	4.9	37.5	1.4	1.7	84.1	1.1	2.1	3.2	1.7	0.9	0.6	0.1	1.9	18.5	1	0	3.3
Nikola Jovic	MIA	21	42	20	22	25.1	11	3.8	8.2	46.4	1.8	4.6	38.5	1.7	2	83.5	0.6	3.4	4	2.9	1.3	0.9	0.3	1.7	22.3	0	0	-0.8
Grayson Allen	PHX	29	43	24	19	25	11	3.5	7.9	44.8	2.5	5.9	43.3	1.4	1.7	83.6	0.6	2.7	3.4	2.1	1	1	0.3	1.4	21	1	0	0.5
Donte DiVincenzo	MIN	28	40	21	19	26.4	11	3.7	9.3	39.7	2.6	7	36.9	1	1.3	82	0.6	3.1	3.7	3.6	1.8	1.2	0.2	1.6	23.2	1	0	0.7
Jrue Holiday	BOS	34	44	31	13	30.2	11	4	9.1	43.8	1.8	5.1	34.2	1.2	1.4	90	1.1	3.3	4.4	3.7	1.3	1	0.4	1.6	24.7	0	0	3.3
Aaron Wiggins	OKC	26	52	43	9	22	10.9	4.3	8.5	50.2	1.5	4	38.5	0.8	0.9	85.4	1.1	2.6	3.7	1.6	0.8	0.8	0.2	1.3	19.9	2	0	7.1
Rudy Gobert	MIN	32	54	30	24	33.2	10.8	4.2	6.4	65	0	0	0	2.5	3.6	68	3.5	6.9	10.4	1.8	1.4	0.7	1.6	2.4	31.3	24	0	2.6
Duncan Robinson	MIA	30	49	23	26	24.2	10.7	3.8	9	42	2.4	6.5	37.7	0.7	0.8	89.5	0.3	2.1	2.3	2.6	1.1	0.6	0.1	2	18.3	0	0	0.8
Jalen Duren	DET	21	51	27	24	25.6	10.7	4.5	6.5	69.1	0	0	0	1.8	2.6	68.2	3.6	6.5	10.1	2.5	1.9	0.6	1.1	3.2	30	23	0	-0.8
Brandon Boston	NOP	23	42	8	34	23.6	10.7	4	9.1	43.6	1.2	3.3	35	1.6	2	78.8	0.7	2.5	3.2	2.2	1.2	1.3	0.2	1.7	21	0	0	-3.3
Tim Hardaway Jr.	DET	32	50	26	24	28.4	10.6	3.5	8.4	41.1	2.1	5.7	37.5	1.6	1.9	82.5	0.2	2.1	2.3	1.6	0.7	0.5	0.1	1.3	16.6	0	0	-0.5
Jordan Hawkins	NOP	22	35	10	25	23.1	10.6	3.6	10.1	36.1	1.9	5.7	32.8	1.5	1.8	83.9	0.4	2.1	2.5	1	0.9	0.6	0.4	0.8	17.2	0	0	-5.8
Andrew Nembhard	IND	25	36	23	13	28.4	10.5	3.9	8.4	47	0.8	2.4	31.8	1.9	2.4	77.3	0.5	2.8	3.3	4.9	1.8	1.3	0.1	2.3	24.4	0	0	2.9
Spencer Dinwiddie	DAL	31	52	27	25	25.2	10.5	3.3	8	41.7	1.4	4	35.6	2.4	2.8	83.7	0.2	2.2	2.4	3.7	1.1	0.9	0.2	1.5	21.1	1	0	-0.3
Derrick Jones Jr.	LAC	27	50	28	22	25.2	10.5	4.2	8.1	52.1	1	2.8	36.4	1.1	1.4	75.7	1.4	2.3	3.7	0.9	0.9	1.2	0.4	2	20	0	0	2.8
Caris LeVert	ATL	30	40	35	5	23.8	10.4	3.6	7.9	45.4	1.6	4	40.3	1.6	2.3	71.4	0.6	2.4	3	3.6	1.3	0.8	0.5	1.4	21.8	0	0	5.9
Grant Williams	CHA	26	16	6	10	29.9	10.4	3.4	7.7	43.9	1.7	4.6	36.5	1.9	2.3	83.8	1.1	4	5.1	2.3	1.8	1.1	0.8	2.9	24.1	0	0	0.6
Quentin Grimes	PHI	24	50	25	25	23.3	10.3	3.7	7.9	46.1	1.7	4.4	38.8	1.3	1.7	76.7	0.7	3.2	3.9	2.2	1.3	0.7	0.2	1.7	19.9	0	0	-0.3
Amir Coffey	LAC	27	51	29	22	26	10.3	3.6	7.5	47.6	1.6	3.8	43.2	1.6	1.7	89.9	0.5	1.9	2.4	1.1	0.7	0.6	0.1	1.7	16.3	0	0	0
De'Anthony Melton	BKN	26	6	4	2	20.2	10.3	3.7	9	40.7	2.2	5.8	37.1	0.8	1.3	62.5	1	2.3	3.3	2.8	1.7	1.2	0.3	3	21.4	1	0	4.5
Ochai Agbaji	TOR	24	48	14	34	27.9	10.3	4.1	8.1	51	1.5	3.9	39	0.5	0.8	65.8	0.9	2.9	3.8	1.6	0.8	0.9	0.6	1.9	20.8	0	0	-4
Herbert Jones	NOP	26	20	5	15	32.4	10.3	3.8	8.6	43.6	1.1	3.6	30.6	1.7	2	82.5	1.1	2.8	3.9	3.3	1.8	1.9	0.5	3.3	25	0	0	-1
Chris Boucher	TOR	32	46	17	29	17.3	10.2	3.7	7.5	49.1	1.4	3.9	36.5	1.4	1.7	78.8	1.3	3.1	4.4	0.6	0.6	0.5	0.5	1.4	18.8	2	0	-0.5
Gary Trent Jr.	MIL	26	47	26	21	25	10.1	3.5	8.2	43.1	2.3	5.4	42.6	0.7	0.9	82.9	0.2	2.1	2.4	1.1	0.6	1	0.1	1.9	17.2	0	0	0
Toumani Camara	POR	24	52	21	31	32.2	10.1	3.8	8.5	44.5	1.5	4.1	35.8	1.1	1.4	73.3	2.3	3.6	5.9	2	1.5	1.4	0.6	3	24.7	2	0	-3.5
Nic Claxton	BKN	25	46	14	32	26.4	10	4.4	8	55	0	0.3	7.1	1.2	2.3	52.9	2	5.4	7.4	1.9	1.2	1	1.3	2.1	27.5	10	0	-7.1
Bogdan Bogdanovic	LAC	32	24	12	12	24.9	10	3.5	9.3	37.1	1.8	6.1	30.1	1.3	1.4	88.2	0.5	2.3	2.8	2	1.5	0.8	0.3	2.4	18.1	0	0	-1.8
Julian Champagnie	SAS	23	51	23	28	24.8	10	3.4	8.2	41.7	2.2	6.1	36.2	0.9	1	90.6	0.8	3.2	4	1.2	1	0.8	0.4	1.4	19.3	0	0	0.6
Svi Mykhailiuk	UTA	27	21	5	16	19.7	10	3.5	8.7	40.4	2.1	6.1	34.9	0.8	1	76.2	0.5	2	2.5	1.8	1.6	0.7	0.3	1.3	16.9	0	0	0.1
Keon Johnson	BKN	22	51	19	32	23.2	9.9	3.6	9.6	37.3	1.5	5	29.8	1.3	1.6	78.3	0.8	2.7	3.5	1.9	1.2	0.9	0.4	2.5	19.4	0	0	-5
Obi Toppin	IND	26	49	27	22	19.1	9.9	3.8	7.1	53.4	1.2	3.4	34.3	1.1	1.4	78.6	0.7	3.3	4	1.5	0.7	0.7	0.3	1.4	19.3	0	0	-1.8
Cam Whitmore	HOU	20	34	20	14	17.6	9.9	3.7	8.7	42.4	1.3	4.1	32.6	1.1	1.6	73.6	0.7	2.6	3.3	0.8	1	0.7	0.3	1.1	17	1	0	1.9
Tosan Evbuomwan	BKN	23	19	6	13	24.7	9.8	3.6	7.9	45.3	0.8	2.6	30.6	1.9	2.6	73.5	1.2	3.1	4.2	1.6	1.6	0.8	0.4	1.9	19.2	0	0	-0.3
T.J. McConnell	IND	32	51	29	22	18.5	9.8	4.4	8.5	52.2	0.2	0.6	25	0.8	1.1	73.2	0.5	2	2.6	4.5	1.5	1.2	0.3	1	22.4	1	0	-0.8
Luguentz Dort	OKC	25	48	39	9	28.9	9.8	3.4	8.1	42	2.3	5.6	41.2	0.7	0.8	82.1	1.5	2.8	4.3	1.7	0.7	1.1	0.6	3.1	21.8	0	0	8
Isaiah Joe	OKC	25	47	40	7	21.2	9.7	3.4	7.8	43.8	2.4	6.1	40.1	0.4	0.6	73.1	0.5	2	2.6	1.4	0.5	0.7	0.1	1.6	16.8	0	0	7.9
Zach Edey	MEM	22	39	25	14	20.6	9.6	3.9	6.8	58.3	0.4	1	35	1.3	1.9	68.4	3.3	4.4	7.7	0.9	1.4	0.7	1.2	2.6	24.4	8	0	4.9
Julian Strawther	DEN	22	54	35	19	22.5	9.6	3.4	7.9	43.5	1.6	4.4	36.2	1.1	1.4	82.7	0.3	1.9	2.2	1.4	0.9	0.7	0.3	2.4	16.3	0	0	-0.3
Brandin Podziemski	GSW	21	40	21	19	25	9.5	3.5	8.2	43	1.3	4.1	32.5	1.2	1.6	73	1	3.7	4.7	3.5	1.1	1	0.2	1.5	22.8	0	0	2.4
Scotty Pippen Jr.	MEM	24	53	36	17	20.8	9.5	3.5	7.5	47	1	2.8	36.1	1.5	2.2	67.8	0.8	2.5	3.3	4.4	1.8	1.2	0.4	2.5	23.1	6	1	0.8
Royce O'Neale	PHX	31	47	23	24	25.6	9.5	3.4	7.9	42.4	2.4	5.9	40.4	0.4	0.5	77.3	0.8	4.2	5	2.1	0.9	0.9	0.5	2.2	22.2	0	0	-1
Jose Alvarado	NOP	26	29	10	19	22.5	9.4	3.2	7.9	40.4	2.1	5.3	39.6	0.9	1.2	79.4	0.4	1.5	1.9	4.1	1.2	1.3	0.3	1.9	21.4	0	0	-4.4
Ziaire Williams	BKN	23	39	16	23	23.5	9.4	3.2	7.9	39.9	1.3	4	32.7	1.8	2.2	81.6	1.1	3.7	4.8	1.5	1	1	0.4	2.4	20.6	1	0	-4.1
Noah Clowney	BKN	20	37	9	28	23	9.4	3	8.1	37.5	2	5.6	35.4	1.4	1.6	85	0.9	3	3.9	0.8	1	0.5	0.5	2.4	17.4	0	0	-7.1
Clint Capela	ATL	30	45	22	23	22.4	9.4	4.2	7.3	57.3	0	0	0	1	1.9	54.1	3.3	5.7	9	1.2	1	0.6	1	2	25.8	11	0	-0.8
Dalton Knecht	LAL	23	48	29	19	20.7	9.4	3.4	7.4	46.5	1.6	4.5	35.8	1	1.2	82.5	0.5	2.6	3.1	0.9	0.5	0.3	0.1	1.3	15.1	0	0	-0.8
GG Jackson	MEM	20	11	9	2	17.4	9.4	3.3	8.1	40.4	1.3	4.2	30.4	1.5	2.1	73.9	1.1	2.2	3.3	0.8	1.5	0.5	0.2	0.9	15	0	0	-3.5
Jalen Wilson	BKN	24	52	18	34	27.4	9.3	3.2	8.2	39.1	1.4	4.5	30.6	1.6	1.9	82	1.1	2.4	3.5	1.9	1.2	0.5	0.1	2.2	17	0	0	-4
Jaime Jaquez Jr.	MIA	23	45	23	22	23.1	9.3	3.3	7.6	43.7	0.6	2	29.7	2	2.7	76.7	1.3	3.4	4.7	2.7	1.5	1.1	0.2	1.6	21.4	2	1	-3.3
Luke Kennard	MEM	28	40	28	12	21.8	9.3	3.1	6.7	47	2.1	4.4	47.5	1	1.1	88.4	0.6	2.3	2.9	3.4	1.1	0.7	0.1	0.8	19	0	0	5.2
Patrick Williams	CHI	23	44	18	26	26.4	9.3	3.3	8.8	37.4	1.6	4.5	35	1.1	1.5	76.9	0.8	3.3	4.1	2.1	1.4	0.8	0.6	1.3	19.9	1	0	-4.8
Miles McBride	NYK	24	43	29	14	23.6	9.3	3.3	7.8	41.8	1.7	4.6	37.6	1	1.1	85.7	0.7	1.6	2.4	2.7	0.7	0.9	0.2	1.5	18.6	0	0	4.3
Chris Paul	SAS	39	51	23	28	29.1	9.3	3.1	7.4	41.8	1.7	4.8	36.2	1.4	1.4	95.9	0.5	3.6	4.1	8.1	1.5	1.3	0.2	1.9	29.2	10	0	2.4
Danté Exum	DAL	29	6	2	4	19	9.2	3.3	7	47.6	1	2.5	40	1.5	2.7	56.3	0.2	1.3	1.5	3.7	1	0.5	0	1.5	17	0	0	-0.7
Max Christie	DAL	22	50	29	21	25.7	9.2	3	6.6	45.3	1.4	3.6	39	1.8	2.1	84	0.6	2.3	2.9	1.6	0.9	0.8	0.5	1.6	17.8	0	0	0.1
Kevin Porter Jr.	MIL	24	46	24	22	19.4	9.2	3.8	8.9	42.4	0.6	2.3	24.5	1.1	1.7	64.5	0.6	2.9	3.5	3.2	1.9	1	0.2	1.5	19.8	0	0	-0.6
Dereck Lively II	DAL	21	32	19	13	24	9.1	3.9	5.5	70.1	0	0	0	1.4	2.2	63.8	3.1	4.8	7.8	2.6	1.2	0.5	1.7	2.9	27.9	7	0	3.9
Cole Anthony	ORL	24	50	25	25	17.3	9.1	3.4	8	42.4	1	3.1	31.8	1.3	1.7	78.6	0.6	2.2	2.8	2.8	1.6	0.7	0.3	2.2	18.1	0	0	-0.6
Anthony Black	ORL	21	51	24	27	24.9	9.1	3.2	7.7	41.2	0.6	2.4	27.5	2.1	2.8	75.5	0.6	2	2.6	3.4	1.9	1	0.5	2.3	20	0	0	-1.3
Caleb Martin	DAL	29	31	12	19	30.4	9.1	3.3	7.5	43.5	1.1	2.8	37.9	1.5	2.4	62.2	1.4	3	4.4	2.2	1.4	1.1	0.6	2	21.5	1	0	-3.9
Moses Moody	GSW	22	45	24	21	18.9	9	3.1	7.2	43.5	1.7	4.4	38.3	1.2	1.6	73.2	0.5	1.6	2.1	1.1	0.7	0.5	0.3	1.4	15.1	0	0	0.4
Ausar Thompson	DET	22	32	18	14	20.7	9	3.7	6.9	53.8	0.2	1	21.9	1.4	2.3	61.1	1.6	3.4	5	2	1.4	1.7	0.5	2.8	23	1	0	-0.3
Brice Sensabaugh	UTA	21	42	9	33	17.6	9	3.3	7.3	44.8	1.6	4.4	36.8	0.9	0.9	92.3	0.6	2	2.5	1.2	1.4	0.6	0.1	1.4	14.6	0	0	-4.8
Bub Carrington	WAS	19	53	9	44	29.2	8.9	3.3	8.2	40.4	1.6	4.7	34.8	0.7	0.8	81.8	0.4	3.5	3.9	4	1.5	0.7	0.2	2.3	20.6	3	0	-11.8
Georges Niang	ATL	31	53	43	10	20.8	8.8	3.3	6.9	47.7	1.8	4.4	40.4	0.5	0.6	78.8	0.7	3.1	3.8	1.3	0.9	0.4	0.1	2.5	15.9	1	0	4
Kentavious Caldwell-Pope	ORL	31	52	24	28	30.5	8.8	3.1	7.5	41.2	1.5	4.7	31.4	1.2	1.3	88.6	0.4	1.7	2.1	1.8	0.9	1.5	0.5	1.9	19.1	0	0	-1.1
Nickeil Alexander-Walker	MIN	26	54	30	24	24.2	8.8	3.1	7.1	44	1.7	4.3	39.3	0.8	1.1	75.4	0.6	2.4	3	2.5	1.2	0.6	0.3	1.7	17.6	1	0	2.8
Nick Richards	PHX	27	34	10	24	21.8	8.8	3.1	5.6	55.8	0	0.1	0	2.6	3.6	70.7	2.6	5.8	8.4	1.1	1.5	0.3	1.1	2.5	23.2	9	0	-3.7
Goga Bitadze	ORL	25	44	24	20	23.8	8.8	3.7	6	62.4	0	0.4	10.5	1.3	2	63.6	2.7	5.3	8	2.2	1.3	0.8	1.6	2.3	27.6	14	0	1.3
Dalano Banton	POR	25	41	15	26	15.5	8.8	3.1	7.5	41	1.2	3.2	36.1	1.4	2	71.1	0.3	1.6	1.9	2.2	1.2	0.7	0.5	0.9	16.7	0	0	-0.1
Wendell Carter Jr.	ORL	25	42	17	25	25.1	8.7	3.1	6.8	45.6	0.5	2.2	20.4	2.1	2.9	71.9	1.8	5.1	7	2.3	1	0.8	0.5	2.8	23.4	6	0	-1.3
Dorian Finney-Smith	LAL	31	37	18	19	27.2	8.7	3.1	6.7	46.2	1.9	4.6	41.3	0.6	0.8	67.7	1.2	2.6	3.8	1.4	0.9	0.9	0.4	2.4	18.3	0	0	4.4
Marcus Smart	WAS	30	19	12	7	21.1	8.7	2.8	7.8	35.8	1.5	4.7	32.2	1.6	1.9	83.3	0.7	1.5	2.3	3.7	1.8	1.2	0.3	1.6	19.7	0	0	4.6
Yves Missi	NOP	20	50	10	40	27.4	8.7	3.5	6.3	54.6	0	0	0	1.7	2.7	64.9	3.5	4.6	8.1	1.4	1.2	0.5	1.5	2.2	25.3	8	0	-6.2
Jusuf Nurkic	CHA	30	25	13	12	23.7	8.6	3	6.5	45.4	0.8	2.4	32.2	1.9	2.8	69.6	1.8	7.3	9.2	1.9	2.3	0.9	0.6	3.1	24.8	8	0	-2.8
Jalen Smith	CHI	24	49	20	29	15.3	8.5	3	6.4	47.8	1.3	3.5	35.8	1.2	1.4	82.6	1.4	4.1	5.5	0.9	0.6	0.2	0.7	1.5	18.8	1	0	-1.2
Max Strus	CLE	28	24	18	6	24.8	8.5	3	7.1	42.7	2.1	5.6	37.8	0.3	0.4	77.8	0.8	3.5	4.3	3	1	0.6	0.4	2	20.1	0	0	4.5
Larry Nance Jr.	ATL	32	24	10	14	19.3	8.5	3.3	6.5	51.6	1.4	3.2	44.7	0.4	0.5	69.2	1	3.3	4.3	1.6	0.7	0.8	0.5	1.5	19.4	3	0	-4
Trendon Watford	BKN	24	18	10	8	16.9	8.4	3	6.7	44.6	0.7	2.1	32.4	1.8	2.2	82.1	0.4	2.6	3	1.5	1.2	0.4	0.3	2.3	15.2	0	0	1.1
Tristan da Silva	ORL	23	51	24	27	25.2	8.4	3.2	7.4	42.7	1.2	3.7	33.3	0.9	1	86.5	1.2	2.6	3.9	1.7	0.9	0.5	0.3	1.5	17	1	0	-0.6
Kel'el Ware	MIA	20	36	17	19	18.6	8.4	3.5	6.6	53.2	0.7	1.9	37.3	0.7	1	74.3	1.3	4.4	5.8	0.8	0.7	0.6	1	1.3	20.3	6	0	0.6
Bruce Brown	NOP	28	18	8	10	19.6	8.4	3.2	7.3	43.5	0.6	2	30.6	1.4	1.6	89.7	0.9	2.8	3.8	1.6	1.1	0.9	0.2	1.4	17.5	0	0	-2.7
Jaylen Nowell	WAS	25	8	1	7	21	8.4	3.3	9.1	35.6	1	3.4	29.6	0.9	1.4	63.6	0.8	1.8	2.5	2.3	1	0.1	0.5	1.1	15.6	0	0	-5.3
Draymond Green	GSW	34	39	21	18	28.4	8.3	2.9	6.9	41.8	1.2	3.6	34.5	1.3	2.1	61	1	4.9	5.8	5.5	2.4	1.2	1.1	3.2	28.1	3	0	3
Jaden Hardy	DAL	22	40	21	19	15.4	8.3	3	7	43.2	1.3	3.3	38.3	0.9	1.3	74	0.2	1.4	1.6	1.4	1.5	0.5	0.1	1.5	12.6	0	0	0
Mike Conley	MIN	37	47	28	19	25.1	8.2	2.6	7	37.1	1.8	4.6	39	1.2	1.4	90.6	0.5	2.2	2.7	4.6	1.1	1.2	0.2	1.4	21.5	1	0	2.6
Day'Ron Sharpe	BKN	23	31	10	21	17.4	8.2	3.4	6.5	51.7	0.2	1	20	1.3	1.7	77.4	3	3.2	6.1	1.5	1.3	0.7	0.6	2.1	20.7	3	0	1.5
Quinten Post	GSW	24	15	6	9	14.6	8.2	3	6.1	48.9	1.6	3.9	41.4	0.6	0.6	100	1	2.4	3.4	1.7	0.5	0.1	0.3	1.9	15.5	0	0	-1.5
Peyton Watson	DEN	22	48	29	19	24.1	8.1	2.9	6.2	47.1	0.7	2	34	1.6	2.1	75.2	0.8	2.6	3.4	1.5	0.9	0.9	1.2	1.7	19.8	0	0	0.7
Nick Smith Jr.	CHA	20	32	8	24	18.8	8.1	3.1	7.6	40.7	1.4	4.2	34.6	0.4	0.5	87.5	0.2	1.8	2	1.8	1.1	0.4	0.2	1.1	13.7	0	0	-3.7
Justin Champagnie	WAS	23	34	7	27	18.9	8	3.1	6	52	1.1	2.8	38.9	0.7	1	68.6	1.5	3.1	4.6	0.9	0.9	0.9	0.6	1.9	18.8	2	0	-3.1
Brandon Clarke	MEM	28	49	34	15	18.9	8	3.6	5.8	61.7	0	0.3	6.3	0.9	1.2	68.9	1.9	3.2	5.1	1	0.6	0.9	0.6	2.4	19.2	0	0	3.5
Al Horford	BOS	38	42	29	13	26.5	8	2.9	7.1	41.1	1.8	5	35.5	0.4	0.4	88.9	1.1	4.3	5.4	1.9	0.7	0.6	0.9	1.4	20.9	3	0	5.7
Justin Edwards	PHI	21	24	8	16	23.5	8	3	6.5	46.5	1.5	3.9	37.2	0.5	0.8	63.2	1	2.1	3.1	1.3	0.9	0.8	0.3	2.1	15.9	0	0	-2.3
Kyshawn George	WAS	21	47	8	39	26	8	2.7	7.5	36.1	1.6	5.2	30.5	1	1.3	76.7	0.7	3.1	3.9	2.2	1.3	0.9	0.6	3	19.1	0	0	-5.8
Tyrese Martin	BKN	25	35	10	25	21.2	7.9	2.9	7.2	39.5	1.5	4.5	34	0.7	0.9	71.9	1	2.9	3.9	1.8	1.3	0.5	0.1	1.2	15.7	1	0	-5.1
Taurean Prince	MIL	30	52	28	24	25.9	7.9	2.8	6.1	46.1	1.8	4	45.9	0.4	0.5	82.1	0.5	3.2	3.7	2	1	0.8	0.1	2.1	17.1	1	0	-0.9
Cody Martin	PHX	29	39	11	28	24.8	7.8	3	6.9	43.3	1	3.2	32.3	0.9	1.3	69.4	1	3.5	4.5	2.3	1.1	1.1	0.7	1.8	20.9	0	0	-1.4
Keon Ellis	SAC	25	51	26	25	22.3	7.8	2.6	5.4	48.4	1.7	3.8	44	0.9	1.1	84.2	0.8	1.7	2.5	1.3	0.9	1.4	0.7	1.8	18.4	0	0	1.4
Ja'Kobe Walter	TOR	20	35	11	24	19.5	7.7	2.8	7.1	40.1	1.1	3.4	31.1	1	1.4	70	0.8	1.7	2.5	1.4	0.8	0.7	0.2	1.8	14.7	1	0	-3.1
Kevin Huerter	CHI	26	45	22	23	20.9	7.7	2.9	7.2	40.4	1.4	4.7	29.7	0.5	0.7	68.8	0.5	2.4	2.9	1.8	0.9	0.8	0.4	1.6	16.5	0	0	-1.9
Johnny Juzang	UTA	23	36	10	26	17.8	7.7	2.6	6.1	42.7	1.8	4.3	40.4	0.7	0.9	83.9	0.6	2.1	2.7	1	0.5	0.4	0.1	2	13.6	0	0	-3.6
AJ Green	MIL	25	45	25	20	22	7.6	2.6	6	43.3	2.1	5	42.7	0.4	0.4	88.9	0.2	2.1	2.3	1.2	0.5	0.5	0.1	2.1	13.7	0	0	1.7
Sam Hauser	BOS	27	45	31	14	19.9	7.6	2.7	6.1	44.5	2.1	5.3	40.5	0	0	100	0.6	2.4	3	1	0.4	0.6	0.2	1.1	14.8	0	0	4.7
Aaron Nesmith	IND	25	17	9	8	20.5	7.6	2.6	5.6	46.3	0.9	2.6	34.1	1.5	1.7	89.7	0.5	2.8	3.2	1.4	0.7	0.6	0.2	2.6	15.5	0	0	2.5
Jay Huff	MEM	27	45	30	15	12.6	7.6	2.7	5.1	52.4	1.4	3.4	42.1	0.8	1.1	77.1	0.5	1.7	2.2	0.6	0.6	0.2	0.9	1.4	13.9	0	0	-0.6
Trayce Jackson-Davis	GSW	24	49	24	25	18.5	7.6	3.2	5.7	57	0	0	0	1.1	1.8	60.5	2.2	3.7	5.9	2	0.8	0.4	0.7	1.4	20.3	4	0	-1.8
Garrison Mathews	ATL	28	43	18	25	17.7	7.5	2.1	5.5	39	1.8	4.7	38.5	1.5	1.8	82.9	0.3	1.5	1.8	1.3	0.7	0.6	0.3	1.7	13.6	0	0	-1.4
Vasilije Micic	PHX	31	36	7	29	21.2	7.5	2.6	7.6	34.8	1.3	3.5	36	0.9	1.1	82.9	0.6	1.9	2.4	3.5	2.1	0.4	0	1.2	14.9	1	0	-3.6
Josh Green	CHA	24	46	11	35	28.6	7.4	2.6	6	43.7	1.4	3.5	40.6	0.8	1.1	70	1	1.9	2.8	1.5	0.9	1.1	0.2	2.7	16.1	0	0	-4.9
Cameron Payne	NYK	30	47	33	14	14.6	7.3	2.6	6.1	42.8	1.4	3.7	38.2	0.7	0.8	89.7	0.2	1.2	1.4	2.6	0.7	0.6	0.3	1.6	14.8	0	0	3.2
Cason Wallace	OKC	21	46	37	9	27.4	7.3	3	6.8	44.2	1	2.9	33.3	0.3	0.4	77.8	1.1	2.4	3.5	2.4	0.7	1.8	0.6	2.2	21.3	0	0	5.7
Bones Hyland	LAC	24	20	8	12	11.1	7.2	2.3	5.8	39.1	1.6	4	38.8	1.2	1.3	88.5	0.3	1	1.2	1.4	1.2	0.9	0.2	1.3	12.8	0	0	-1.7
Jake LaRavia	SAC	23	49	33	16	20.6	7.2	2.5	5	49.6	0.8	1.9	44.6	1.4	2	69.8	1.4	2.9	4.2	2.8	1.4	0.9	0.4	1.9	19.1	2	0	3.5
Sam Merrill	CLE	28	44	34	10	19.1	7.2	2.4	6	39.2	1.9	5.3	35.9	0.6	0.6	96.2	0.5	1.5	2	1.5	0.5	0.6	0.2	1.8	13.8	0	0	4.6
Lonzo Ball	CHI	27	30	14	16	21.6	7.2	2.4	6.5	36.2	1.8	5.4	34	0.6	0.7	85.7	0.7	2.8	3.4	3.5	1.2	1.5	0.5	1.7	21.2	0	0	2.4
Kelly Olynyk	NOP	33	24	6	18	16	7.1	2.5	4.9	50	0.8	1.8	44.2	1.4	1.8	79.1	1	2.7	3.7	2.3	1.5	0.7	0.3	2.5	16.6	0	0	-1.7
Jared Butler	PHI	24	34	3	31	11.4	7.1	2.8	5.7	48.7	0.5	1.4	37	1.1	1.4	78.7	0.5	0.9	1.4	2.6	0.9	0.4	0.1	1.3	13.3	0	0	-1.3
Isaiah Jackson	IND	23	5	1	4	16.8	7	2.8	4.6	60.9	0	0	0	1.4	2.8	50	2.2	3.4	5.6	1	1	0.6	1.6	2.8	20.8	0	0	2
Mouhamed Gueye	ATL	22	7	2	5	15.1	7	2.9	6.9	41.7	0.6	3.3	17.4	0.7	1	71.4	0.7	3.3	4	0.6	0.3	1.3	1	0.9	19.2	1	0	3.9
Andre Drummond	PHI	31	29	10	19	18.8	6.9	2.8	5.6	50.9	0	0.4	9.1	1.2	2.1	57.4	2.4	5.1	7.5	0.6	1.6	1.1	0.4	2.4	19.7	3	0	-4.7
Torrey Craig	BOS	34	9	3	6	12.5	6.9	2.4	5	48.9	1.7	3.9	42.9	0.3	0.4	75	0.9	1.9	2.8	0.6	0	0.2	0.1	1.7	12.1	0	0	-3.1
Josh Okogie	CHA	26	32	11	21	15.6	6.9	2.5	5.2	47.3	0.8	2	38.5	1.2	1.6	72.5	1.3	1.7	3	0.8	0.8	1.3	0.5	1.2	16	1	0	0.8
Vít Krejci	ATL	24	39	18	21	20.8	6.9	2.5	5.5	44.7	1.4	3.7	38.4	0.5	0.8	66.7	0.4	2.4	2.7	2.7	0.9	0.7	0.5	1.9	16.9	1	0	-2.1
Eric Gordon	PHI	36	39	12	27	19.7	6.8	2.2	5.2	42.6	1.4	3.5	40.9	0.9	1.2	75	0.2	1	1.2	1.7	0.7	0.7	0.3	0.8	12.9	0	0	-1.8
Thomas Bryant	IND	27	36	23	13	14.8	6.8	2.6	4.9	52.8	0.8	2.1	37.7	0.8	0.9	87.5	1.4	2.6	4	1.1	0.4	0.4	0.6	1	16.1	1	0	2.1
Ryan Dunn	PHX	22	48	24	24	18.8	6.6	2.7	6.1	44.5	1	3.2	31.4	0.2	0.5	47.8	1	2.4	3.4	0.9	0.4	0.4	0.6	2.3	14.6	1	0	-1.6
Isaiah Collier	UTA	20	44	10	34	23.3	6.6	2.7	6.7	40.3	0.5	2.2	21.1	0.7	1.1	64.6	0.4	2.6	3	5.7	2.7	0.8	0.2	2.2	19	6	0	-3.2
KJ Simpson	CHA	22	21	2	19	19.2	6.5	2.2	7	31.8	0.7	3	21.9	1.4	1.7	80.6	1.1	1.6	2.7	2.5	1.3	0.7	0.2	1.6	14.9	0	0	-4.3
Precious Achiuwa	NYK	25	32	22	10	21.3	6.5	2.7	5.1	53	0.3	0.7	34.8	0.8	1.3	61.9	2.2	3.8	6	1.1	0.8	1	0.8	1.6	19.6	2	0	-0.3
KJ Martin	UTA	24	24	9	15	20	6.4	2.5	4.1	61.6	0.3	0.9	38.1	1	1.2	82.8	0.9	2.1	3	0.8	0.5	0.5	0.7	2.6	14.1	0	0	1.2
Ajay Mitchell	OKC	22	34	29	5	16.5	6.4	2.5	4.9	50.6	0.6	1.5	43.1	0.8	1	84.8	0.5	1.5	2	1.7	0.8	0.7	0.1	1.7	12.9	1	0	3.4
Haywood Highsmith	MIA	28	48	24	24	23.9	6.4	2.4	5.2	46.8	1.2	3	39	0.4	0.5	69.2	0.8	2.3	3.1	1.2	0.7	0.9	0.6	2	15.9	0	0	-0.6
Ricky Council IV	PHI	23	45	13	32	14.3	6.4	2.1	5.1	41.6	0.7	2.2	30.7	1.4	1.7	80.8	0.6	1.6	2.3	1.1	0.6	0.4	0.2	0.9	12	1	0	-1.7
Trey Lyles	SAC	29	43	22	21	19.2	6.3	2.2	5.5	39.6	1.3	3.7	33.8	0.8	1	75	1	3.5	4.5	0.9	0.5	0.6	0.4	1.2	15.7	1	0	-1.1
Kyle Filipowski	UTA	21	42	8	34	18	6.3	2.4	4.8	50	0.6	1.9	32.5	1	1.5	62.5	1.2	3.5	4.8	1.8	1	0.5	0.1	1.9	15.9	2	0	-3
Ronald Holland II	DET	19	54	28	26	15.6	6.3	2.4	5.4	44.6	0.5	2.1	25.2	1	1.2	80.3	0.5	2.2	2.7	0.9	0.9	0.6	0.1	1.8	12.2	0	0	-1.5
Davion Mitchell	MIA	26	45	15	30	24.5	6.3	2.4	5.6	42.9	0.9	2.7	34.7	0.6	0.8	67.6	0.4	1.6	2	4.6	1.7	0.7	0.2	2.6	16.4	1	0	-1.4
Simone Fontecchio	DET	29	49	24	25	17.8	6.3	2.1	5.4	38.4	1.1	3.3	32.9	1.1	1.3	82.8	0.7	2.3	3	0.9	0.8	0.4	0.2	1.3	12.2	0	0	-1
Matas Buzelis	CHI	20	52	22	30	14.6	6.3	2.3	5.1	44.2	0.9	2.4	37.3	0.8	1	79.6	0.6	2.2	2.8	0.5	0.6	0.3	0.9	1.5	13.2	0	0	-0.6
Dru Smith	MIA	27	14	8	6	19.2	6.2	2.2	4.4	50.8	1.1	2.1	53.3	0.6	0.9	75	0.9	1.7	2.6	1.6	1.2	1.5	0.4	2.1	16.3	0	0	2.7
Ben Simmons	LAC	28	33	13	20	25	6.2	2.8	5.2	54.7	0	0	0	0.5	0.8	69.2	0.9	4.3	5.2	6.9	2.7	0.8	0.5	2.5	24	1	0	-2.1
Terance Mann	ATL	28	39	23	16	19.8	6.1	2.4	5.2	45.6	0.7	2	37.2	0.6	0.9	68.6	0.8	2	2.8	1.6	0.7	0.7	0.3	1.8	14.3	0	0	-2.1
Alex Caruso	OKC	30	32	26	6	19.2	6.1	2.3	5.8	40.8	1.1	3.4	32.1	0.3	0.4	78.6	0.7	2	2.8	2.6	0.6	1.8	0.5	2	19.4	0	0	6.9
Jonathan Isaac	ORL	27	49	23	26	16.6	6.1	2.2	5.2	41.8	0.7	2.5	26.6	1	1.5	66.7	1.8	3	4.9	0.5	0.4	0.8	1.2	1.4	18.3	1	0	-1.7
Jarace Walker	IND	21	50	27	23	16.6	6.1	2.2	4.8	45.8	0.9	2.4	36.9	0.8	1.2	64.4	0.4	2.9	3.2	1.4	1.1	0.9	0.4	1.7	14.8	0	0	-2.8
Ben Sheppard	IND	23	38	23	15	20.4	6.1	2.2	5.1	43.2	1.3	3.5	37.6	0.4	0.4	87.5	0.7	1.8	2.5	1.2	0.3	0.7	0.3	2.2	13.4	0	0	0.1
Marcus Sasser	DET	24	42	20	22	14.2	6	2.3	4.9	46.6	0.9	2.5	36.4	0.5	0.6	88.5	0.3	0.9	1.2	2.3	1	0.7	0.1	1.4	12.2	0	0	-0.7
Jamal Shead	TOR	22	48	16	32	17.2	6	2.4	5.5	43.1	0.8	2.3	35.7	0.5	0.7	72.7	0.3	0.9	1.2	3.6	1.5	0.5	0.1	1.9	13.3	1	0	-4.2
Dean Wade	CLE	28	35	30	5	22.8	6	2.1	5.1	40.8	1.5	4.3	34.9	0.4	0.7	52	1	4.1	5.1	1.6	0.3	0.9	0.5	1.9	18.1	1	0	5.3
Seth Curry	CHA	34	44	12	32	14.3	6	2.2	4.6	48	1.2	2.5	47.2	0.4	0.5	85.7	0.4	1.1	1.5	0.7	0.4	0.4	0.1	0.9	10.1	0	0	-0.7
Alec Burks	MIA	33	27	14	13	16.5	6	1.9	4.4	42.9	1.4	3.3	43.8	0.8	1	80.8	0.3	1.9	2.3	1	0.3	0.6	0.2	0.7	12.2	0	0	2.6
James Wiseman	IND	23	1	1	0	4.6	6	2	4	50	0	1	0	2	2	100	0	1	1	0	0	0	0	0	7.2	0	0	-4
Rob Dillingham	MIN	20	29	16	13	12.4	6	2.5	5.4	46.5	0.8	2	39	0.2	0.3	55.6	0.2	0.9	1.1	2.5	1.4	0.4	0	1	10.8	0	0	-0.5
Shake Milton	LAL	28	41	21	20	16	6	2.1	4.7	45.4	0.8	2.1	35.2	0.9	1.2	79.2	0.5	1.4	1.9	2.1	0.7	0.4	0.1	1.4	12.2	1	0	-1.8
Isaiah Wong	CHA	24	19	2	17	13.1	5.9	2	5.2	38.8	0.6	1.7	37.5	1.3	1.8	73.5	0.7	0.9	1.7	1.4	0.9	0.6	0	1.1	10.9	0	0	0.2
Richaun Holmes	WAS	31	16	3	13	15.7	5.9	2.4	3.8	63.9	0	0.2	0	1.1	1.4	77.3	1.7	3.1	4.8	1.1	0.4	0.1	0.6	1.4	15.1	1	0	-0.7
Elfrid Payton	CHA	30	8	0	8	20.9	5.9	2.9	6.3	46	0	0.1	0	0.1	0.3	50	0.6	2.5	3.1	6.5	2.6	1.5	0.4	1.5	22.4	1	0	-2.8
Jaxson Hayes	LAL	24	30	20	10	18	5.9	2.4	3.4	69.6	0	0.1	0	1.1	1.5	73.9	1.3	2.9	4.2	1	0.7	0.6	1	2.2	16.5	1	0	1.4
Talen Horton-Tucker	CHI	24	41	13	28	11.4	5.8	2.1	4.6	45	0.8	2	37.3	0.9	1.2	72.5	0.3	1.4	1.7	1.3	0.6	0.4	0.2	1	10.8	0	0	-0.2
Javonte Green	NOP	31	48	10	38	21.8	5.8	2	4.5	44.4	0.8	2.1	36.3	1	1.4	75.8	1	2.5	3.5	0.9	0.6	1	0.6	1.5	15.7	0	0	-5.8
Kris Dunn	LAC	30	45	25	20	22.5	5.8	2.4	5.7	41.2	0.9	3	29.9	0.2	0.3	50	0.7	2.6	3.4	2.8	1.1	1.5	0.3	2.5	18.4	0	0	2
Isaiah Stewart	DET	23	49	24	25	20	5.8	2.3	4.4	53.5	0.2	0.8	28.9	0.8	1	82	2	3.7	5.8	1.7	0.9	0.4	1.2	2.4	19	2	0	-0.8
Isaac Okoro	CLE	24	28	24	4	19.7	5.8	2	4.7	42.7	1.1	2.8	39.7	0.6	0.9	72	0.8	1.3	2.1	1.6	0.4	0.7	0.4	2	13.5	0	0	4.8
Keaton Wallace	ATL	25	24	10	14	17.3	5.8	2.2	5.1	42.3	1	2.7	35.4	0.5	0.5	100	0.2	1.3	1.5	2.3	1.2	0.9	0.3	1.3	13.5	0	0	-1.5
Kenrich Williams	OKC	30	41	34	7	14.6	5.7	2.2	4.6	49.2	0.9	2.3	38.3	0.4	0.4	88.2	0.9	2.4	3.3	1.2	0.5	0.7	0.1	1.5	13.5	1	0	4.5
Robert Williams III	POR	27	19	7	12	17.2	5.7	2.4	3.8	63	0.1	0.2	33.3	0.8	0.9	88.2	1.8	4.1	5.9	1.1	0.9	0.6	1.6	1.5	20.1	0	0	-0.8
Quenton Jackson	IND	26	18	8	10	14.1	5.7	2.2	4.2	51.3	0.5	1.3	37.5	0.8	1.2	71.4	0.6	0.9	1.5	1.7	0.6	0.5	0.3	1.8	11.8	0	0	-2.5
Vince Williams Jr.	MEM	24	6	3	3	14.9	5.7	2.2	6	36.1	0.5	2.7	18.8	0.8	1.7	50	1.5	2.5	4	2.2	1.3	0.3	0.3	2.5	14.4	0	0	8.3
Gabe Vincent	LAL	28	44	28	16	20.4	5.7	2.1	5.2	40.9	1.3	3.6	35	0.1	0.2	50	0.3	1	1.2	1.5	0.6	0.7	0.2	2.1	11.4	0	0	0.3
Drew Eubanks	LAC	28	40	9	31	14.9	5.6	2.3	3.8	61.6	0.1	0.1	60	0.9	1.4	63.2	1.1	3.3	4.4	1.1	0.8	0.3	0.8	1.2	15.1	0	0	-3.1
Jaylin Williams	OKC	22	25	21	4	17.2	5.6	2	5.3	38.3	1.1	3.6	30.8	0.4	0.4	100	1.4	4.5	5.9	2.5	0.7	0.5	0.7	1.9	19.2	1	0	4.6
Jeremiah Robinson-Earl	NOP	24	43	11	32	17.8	5.6	2.1	4.8	44.2	0.7	2.2	30.9	0.7	0.8	84.8	1.7	3	4.7	1.2	0.7	0.7	0.1	1.2	14.6	2	0	-3.9
Kevin Love	MIA	36	19	12	7	10.9	5.5	1.8	5.2	35.4	1.1	3.1	36.2	0.7	1	68.4	0.9	3.2	4.1	1	0.7	0.7	0.1	0.9	13.7	0	0	-0.2
Bol Bol	PHX	25	17	4	13	10.1	5.5	2.1	4.3	49.3	0.7	2.4	29.3	0.5	0.8	64.3	0.6	2.1	2.6	0.5	0.5	0.2	0.8	0.3	11.8	1	0	0.1
Jonathan Mogbo	TOR	23	41	9	32	17.4	5.4	2.1	4.5	46.2	0.3	0.9	32.4	1	1.3	72.2	1.7	2.6	4.2	1.7	0.9	0.7	0.5	2.1	15.9	0	0	-3.6
Lindy Waters III	DET	27	39	18	21	17	5.4	1.9	5.3	36.5	1.3	3.9	32.5	0.2	0.3	72.7	0.4	2.1	2.5	1.1	0.4	0.6	0.3	1.4	12	0	0	-0.5
Jamison Battle	TOR	23	38	11	27	12.6	5.3	1.9	4.1	45.8	1.3	3.1	41.9	0.3	0.4	85.7	0.5	1.2	1.8	0.8	0.3	0.1	0.1	1.1	9.1	0	0	-3.1
Tristan Vukcevic	WAS	21	13	2	11	8.6	5.3	2	4.1	49.1	0.6	1.9	32	0.7	1	69.2	0.7	1.8	2.5	0.9	0.5	0.2	0.2	0.9	10.3	0	0	0.5
Donovan Clingan	POR	20	40	17	23	15.9	5.3	2.2	4.1	54.3	0.2	0.6	30.4	0.7	1.1	69	2.6	3.8	6.4	0.7	1.2	0.4	1.5	2.6	18.8	2	0	-1.2
Kobe Bufkin	ATL	21	10	6	4	12.4	5.3	1.8	4.7	38.3	0.4	1.9	21.1	1.3	1.8	72.2	0.5	1.6	2.1	1.7	0.8	0.3	0.2	0.9	11.1	0	0	-2.3
Tidjane Salaün	CHA	19	38	9	29	19	5.3	1.7	5.4	31.9	0.9	3.3	28.2	0.9	1.3	72	1.1	3.1	4.2	1.1	0.9	0.6	0.2	1.3	13.7	1	0	-4.7
Neemias Queta	BOS	25	42	29	13	14.6	5.3	2.2	3.4	66	0	0	0	0.8	1.1	72.9	1.4	2.3	3.7	0.6	0.6	0.3	0.7	1.8	13.1	0	0	3.4
Jaylen Clark	MIN	23	12	9	3	13.6	5.3	1.8	3.7	50	0.8	1.5	50	0.8	1.2	71.4	0.8	0.8	1.5	0.4	0.2	0.6	0.1	1.5	9.5	0	0	1.2
Luke Kornet	BOS	29	48	32	16	17.3	5.2	2.1	3.3	65.4	0	0	0	1	1.3	75.4	2.3	2.8	5	1.6	0.4	0.5	1	1.5	17.7	1	0	5.1
DaQuan Jeffries	CHA	27	20	3	17	19	5.2	2	4.7	41.9	0.9	2.7	32.1	0.5	0.6	81.8	0.9	2	2.9	1.2	0.6	0.7	0.4	2	13.1	0	0	-1.8
Kyle Anderson	MIA	31	37	19	18	14.9	5.1	2.1	4.7	43.7	0.5	1.4	35.8	0.5	0.7	66.7	0.8	2.3	3.1	2.2	0.5	0.7	0.5	1.1	15.2	0	0	-2.3
Gary Payton II	GSW	32	42	23	19	13.3	5.1	2.2	4	54.2	0.3	1.2	21.2	0.5	0.7	72.4	0.9	2	2.9	1.3	0.7	0.6	0.3	1.7	12.5	0	0	-0.3
Moussa Diabate	CHA	23	44	10	34	18.9	5.1	2.1	3.4	61.6	0	0	0	0.8	1.5	55.2	3	4	7	0.8	0.9	0.7	0.7	1.6	17.9	5	0	1
Kevon Looney	GSW	29	47	24	23	16.2	5.1	2.2	4.2	51.3	0	0	0	0.7	1.4	53.1	3	3.9	6.9	1.9	0.6	0.7	0.4	2.2	18.8	2	0	0.5
Alondes Williams	DET	25	1	0	1	3.7	5	2	2	100	1	1	100	0	0	0	0	0	0	1	0	0	0	0	6.5	0	0	6
Marvin Bagley III	MEM	25	19	3	16	8.8	4.9	2	3.7	53.5	0.1	0.5	20	0.8	1.2	65.2	1.4	1.5	2.9	0.4	0.6	0.4	0.3	0.6	10.3	0	0	-1.4
Monté Morris	PHX	29	40	20	20	13	4.9	1.7	4.3	40.4	0.6	1.8	30.1	0.9	1	85	0.3	1.2	1.4	1.7	0.4	0.4	0.1	0.5	10.1	0	0	1.4
Ryan Rollins	MIL	22	36	17	19	11.9	4.8	1.8	3.9	46.5	0.6	1.7	36.7	0.5	0.6	82.6	0.4	1.1	1.5	1.2	0.8	0.7	0.3	1.4	10.6	0	0	1.1
Trevelin Queen	ORL	27	23	9	14	15.2	4.7	1.8	4.9	36.6	0.7	2.6	27.1	0.5	0.6	84.6	0.9	0.9	1.7	1.4	0.9	1	0.3	1.6	12.2	0	0	-3.8
Jeff Green	HOU	38	15	9	6	11	4.7	1.7	3.1	54.3	0.5	1.8	29.6	0.9	1.1	81.3	0.3	1.3	1.5	0.3	0.3	0.2	0.1	1.1	7.4	0	0	-1.9
Jordan Miller	LAC	25	30	16	14	12.4	4.7	1.8	4.2	42.9	0.3	1.2	22.2	0.9	1.1	78.8	0.7	1	1.7	1.1	0.7	0.5	0.2	0.7	9.7	0	0	-1.2
Taylor Hendricks	UTA	21	3	0	3	24.8	4.7	1.3	6	22.2	1	4	25	1	1.3	75	1.7	3.3	5	0.7	0.7	1.7	1.3	2.7	20	0	0	-7.3
Sandro Mamukelashvili	SAS	25	32	14	18	8.3	4.7	1.7	2.9	56.4	0.8	1.7	43.6	0.6	0.8	70.4	0.6	1.8	2.4	0.5	0.4	0.2	0.3	0.7	9.3	0	0	0.3
Zach Collins	CHI	27	37	17	20	11.8	4.6	1.7	3.6	46.3	0.4	1.3	31.3	0.9	1	89.2	1.1	1.8	2.9	1.4	0.6	0.4	0.4	1.9	11.9	0	0	-2.2
Charles Bassey	SAS	24	32	14	18	10.8	4.6	2	3.4	57.3	0	0	0	0.7	1	63.6	1.7	2.8	4.6	0.4	0.7	0.4	0.9	1.4	13.9	2	0	-3.8
Mo Bamba	LAC	26	28	18	10	12.6	4.6	1.7	3.7	46.6	0.5	1.8	30	0.6	0.9	68	0.9	3.4	4.3	0.6	0.7	0.3	1	1.8	13.9	0	0	-1.9
Malaki Branham	SAS	21	30	14	16	9.6	4.5	1.6	3.8	43.4	0.7	1.8	39.6	0.6	0.7	85	0.1	1	1.1	0.9	0.9	0.2	0.1	0.5	7.1	0	0	-2.6
David Roddy	PHI	23	27	9	18	12.8	4.5	1.6	3.4	47.3	0.6	1.6	37.2	0.7	0.8	81.8	0.4	2.2	2.6	1.1	0.7	0.4	0.3	0.7	10.8	0	0	-2.6
Dariq Whitehead	BKN	20	8	2	6	7	4.5	1.5	3.1	48	1.4	2.6	52.4	0.1	0.4	33.3	0.1	0.5	0.6	0.1	0.4	0.4	0.1	0.3	6.6	0	0	-0.6
Trentyn Flowers	LAC	19	2	0	2	7.9	4.5	2	4.5	44.4	0	1	0	0.5	0.5	100	0.5	1.5	2	0	0.5	0	0	1.5	6.4	0	0	6.5
Jett Howard	ORL	21	44	22	22	10.9	4.4	1.6	4.2	37.5	1	3	32.3	0.3	0.4	83.3	0.4	0.8	1.2	0.6	0.5	0.2	0.2	1	7.2	0	0	-1.4
Reggie Jackson	PHI	34	31	11	20	12.4	4.4	1.7	4.3	39.1	0.8	2.4	33.8	0.2	0.3	77.8	0.3	1.1	1.4	1.5	0.5	0.5	0.1	1.1	9.5	0	0	-0.6
Tre Jones	CHI	25	30	13	17	16.1	4.4	1.6	3.4	47.1	0.3	0.9	29.6	0.9	1.2	77.1	0.5	1.5	2.1	3.6	0.7	0.7	0.2	1.2	14.1	0	0	-0.7
Paul Reed	DET	25	30	13	17	9.9	4.3	1.7	3.2	53.1	0.2	0.7	30	0.7	0.9	81.5	0.9	1.7	2.6	1	0.5	1	0.6	1.7	13.4	0	0	1.2
Pat Connaughton	MIL	32	30	11	19	15	4.3	1.6	3.8	42.5	0.7	2.1	32.3	0.4	0.6	76.5	0.6	2.2	2.7	1.7	0.6	0.2	0.3	1.1	10.9	0	0	-0.5
Julian Phillips	CHI	21	52	21	31	12.8	4.3	1.5	3.4	44.6	0.6	1.8	32.6	0.7	0.9	72.3	0.8	1.1	1.9	0.4	0.4	0.4	0.2	1.3	8.7	0	0	-1.2
Daniel Theis	NOP	32	38	10	28	16.3	4.3	1.6	3.4	47.3	0.2	1	24.3	0.8	1	83.8	1.2	3.2	4.3	1.6	0.7	0.5	0.5	1.8	14.2	1	0	-1.6
Antonio Reeves	NOP	22	22	1	21	10.2	4.2	1.6	4	40.4	0.6	2.1	30.4	0.3	0.4	87.5	0.3	0.6	0.9	0.7	0.4	0.4	0	0.4	7.3	0	0	-2
Aaron Holiday	HOU	28	38	23	15	11.6	4.2	1.4	3.6	40.7	0.8	2.4	35.6	0.5	0.5	90	0.2	0.9	1	1.2	0.5	0.4	0.1	1.1	8.2	0	0	1.4
Kris Murray	POR	24	44	18	26	13.5	4.1	1.7	3.6	45.9	0.4	1.5	26.6	0.4	0.8	44.4	1	1.2	2.2	0.8	0.5	0.4	0.2	0.9	9.1	0	0	-1.5
Kyle Lowry	PHI	38	33	14	19	18.9	4	1.2	3.4	35.1	0.8	2.5	33.7	0.8	1	81.8	0.3	1.6	2	2.8	0.6	0.9	0.3	1.8	13.7	0	0	-1.7
Cam Spencer	MEM	24	10	8	2	12.1	4	1.3	3	43.3	0.5	1.6	31.3	0.9	0.9	100	0.5	1.2	1.7	1.6	0.5	0.3	0.1	1.1	9.1	0	0	2.3
Josh Richardson	MIA	31	8	4	4	18.7	4	1.4	4.8	28.9	0.8	2.8	27.3	0.5	0.5	100	0.8	0.8	1.5	1.5	1	1	0.1	2.1	10.4	0	0	-3.9
Oscar Tshiebwe	UTA	25	4	1	3	13.6	4	1	1.5	66.7	0	0	0	2	2.5	80	1.8	4	5.8	0.3	0.3	1.3	0	3	14.8	0	0	0.5
Gui Santos	GSW	22	28	15	13	12.4	4	1.4	2.8	48.1	0.8	1.8	41.2	0.5	0.8	66.7	1.1	1.6	2.7	1.1	0.6	0.3	0.1	1.5	9.5	0	0	1.9
Mason Plumlee	PHX	34	52	26	26	17.5	3.9	1.5	2.6	56.9	0	0	0	0.9	1.4	62.7	1.7	4.7	6.3	1.9	0.9	0.5	0.8	2.2	17.1	1	0	1.1
Dalen Terry	CHI	22	49	18	31	12.6	3.9	1.4	3.1	45.4	0.4	1.2	35.1	0.7	1	67.3	0.6	0.9	1.5	1.2	0.7	0.5	0.2	1.5	8.8	0	0	-2.8
Patty Mills	LAC	36	19	4	15	14.2	3.9	1.4	4.2	32.9	0.9	3.2	28.3	0.3	0.3	100	0.2	0.9	1.1	1.2	0.8	0.7	0.2	0.7	8.7	0	0	0.1
Ousmane Dieng	OKC	21	29	23	6	11.4	3.9	1.4	3.6	40.4	0.6	2	28.8	0.4	0.6	68.8	0.5	1.8	2.3	0.9	0.5	0.5	0.2	0.9	9.7	0	0	1
Andre Jackson Jr.	MIL	23	50	27	23	17.3	3.8	1.6	3.4	46.4	0.5	1.4	37.7	0.2	0.4	55.6	1.1	2.1	3.2	1.5	1	0.6	0.3	2	11.5	0	0	-0.8
Micah Potter	UTA	26	24	8	16	17.1	3.8	1.3	3.1	41.9	0.9	2.5	37.3	0.3	0.4	88.9	1	2.7	3.7	0.8	0.7	0.2	0.4	1.3	10.4	0	0	-3
Jae'Sean Tate	HOU	29	34	24	10	11.3	3.8	1.4	2.9	48	0.2	0.7	29.2	0.8	1.1	69.2	0.9	1.3	2.2	0.9	0.4	0.6	0.1	1.8	9.4	0	0	0.8
Pelle Larsson	MIA	23	34	15	19	12.9	3.8	1.4	3	44.7	0.5	1.5	32	0.6	1	66.7	0.4	1.1	1.5	0.9	0.4	0.4	0.1	1.7	8.3	0	0	0.7
Cody Williams	UTA	20	27	5	22	20.7	3.8	1.4	4.6	30.1	0.6	2.4	23.1	0.5	0.8	63.6	0.6	1.6	2.2	1.3	0.9	0.5	0.4	1.8	10.1	0	0	-8.4
Jock Landale	HOU	29	26	16	10	10.5	3.8	1.4	3.1	46.3	0.2	0.4	50	0.8	1.2	66.7	1.3	1.8	3.2	0.9	0.5	0.2	0.3	1	10	1	0	-0.5
Dario Saric	DEN	30	13	5	8	14.7	3.8	1.4	4.2	33.3	0.5	1.8	25	0.5	0.8	70	1	2.6	3.6	1.7	1.1	0.5	0.1	1.4	11.4	1	0	-3.2
Steven Adams	HOU	31	36	22	14	12.8	3.7	1.5	2.8	53.5	0	0	0	0.8	1.7	45.2	2.8	2.6	5.4	1.1	0.9	0.3	0.5	1.1	13.2	1	0	1.9
Devin Carter	SAC	22	16	9	7	9.9	3.7	1.2	3.8	31.1	0.5	1.9	25.8	0.8	1.1	72.2	0.4	2.1	2.5	1.3	0.5	0.3	0.2	0.9	9.7	0	0	-0.9
Olivier-Maxence Prosper	DAL	22	43	23	20	10.2	3.7	1.3	3.1	41	0.2	1	20.9	0.9	1.4	65	0.9	1.5	2.4	0.7	0.3	0.5	0.1	0.5	9	0	0	-2.1
Damion Lee	PHX	32	15	4	11	6.6	3.7	1.1	3.4	33.3	0.3	1.7	20	1.1	1.1	94.1	0.1	0.7	0.9	0.5	0.4	0.3	0	0.3	5.9	0	0	0.5
Isaac Jones	SAC	24	25	11	14	8.7	3.6	1.5	2.3	65.5	0	0.2	25	0.6	1	53.8	0.6	1	1.5	0.3	0.5	0.1	0.3	1	6.8	0	0	-1.8
DeAndre Jordan	DEN	36	39	27	12	11.8	3.6	1.6	2.5	66	0	0	0	0.3	0.8	41.9	1.4	3.3	4.6	0.8	0.7	0.3	0.5	1.3	12	0	0	-0.4
Kylor Kelley	DAL	27	5	1	4	11.1	3.6	1.4	1.8	77.8	0	0	0	0.8	1.2	66.7	1.4	2.2	3.6	0.2	0.2	0	0.4	1.4	9.2	1	0	-7
Jevon Carter	CHI	29	26	7	19	7.2	3.6	1.3	3.2	40.2	0.8	2.2	36.2	0.2	0.3	75	0.1	0.9	1	1	0.3	0.3	0	0.3	6.8	0	0	1.8
Jeff Dowtin Jr.	PHI	27	23	6	17	11.1	3.6	1.4	3.5	40	0.3	1	26.1	0.5	0.7	70.6	0.1	1	1.2	1.4	0.1	0.3	0.2	0.6	8.6	0	0	-3.8
Jamal Cain	NOP	25	21	3	18	12.3	3.5	1.2	3	40.6	0.5	1.7	27.8	0.6	0.9	66.7	0.8	1.5	2.3	0.5	0.5	0.4	0.3	1.1	8.9	0	0	-4.3
Reed Sheppard	HOU	20	38	23	15	11.8	3.5	1.3	4.3	30.2	0.7	2.6	26.5	0.2	0.3	90	0.4	1	1.4	1.1	0.6	0.6	0.4	0.9	9.2	0	0	0.2
Oso Ighodaro	PHX	22	41	18	23	14.8	3.5	1.5	2.6	57.4	0	0	0	0.5	0.9	52.8	0.8	2.4	3.2	1	0.6	0.4	0.4	1.5	10.7	0	0	0
Gary Harris	ORL	30	26	14	12	16	3.5	1.2	3.2	38.6	0.8	2.5	33.8	0.2	0.3	50	0.5	0.7	1.3	0.6	0.4	0.6	0.2	0.8	8	0	0	1.1
Doug McDermott	SAC	33	31	16	15	8.4	3.4	1.2	2.7	42.4	1	2.3	43.1	0.1	0.2	60	0.1	0.5	0.5	0.1	0.2	0.1	0	0.9	4.6	0	0	0.6
Bruno Fernando	TOR	26	17	2	15	8.6	3.4	1.5	2.9	53.1	0	0	0	0.4	0.5	75	1.2	1.8	3	1.1	0.8	0.2	0.5	1.6	10.1	0	0	-1.3
Jalen Pickett	DEN	25	24	18	6	10.6	3.3	1.3	3	45.1	0.6	1.5	40	0.1	0.1	100	0.2	0.9	1.1	2	0.3	0.3	0.1	0.5	8.5	0	0	3.5
Cam Reddish	LAL	25	31	15	16	18.1	3.3	1.2	2.8	43	0.4	1.5	28.9	0.5	0.8	61.5	0.5	1.5	2	0.7	0.4	1	0.3	1.4	10.4	0	0	-2
Nicolas Batum	LAC	36	50	28	22	17.2	3.3	1.1	2.8	38.7	0.9	2.3	37.6	0.2	0.3	78.6	0.7	2.2	2.8	1.3	0.4	0.6	0.4	1.5	11.3	0	0	0.7
Landry Shamet	NYK	27	21	14	7	10.6	3.3	1.3	3	44.4	0.5	1.7	30.6	0.1	0.2	40	0.2	0.5	0.8	0.6	0.3	0.4	0.1	0.8	6.4	0	0	1.4
Jabari Walker	POR	22	38	14	24	10.3	3.3	1.3	2.9	44.5	0.2	0.9	22.2	0.5	0.7	64.3	0.8	2.1	2.9	0.5	0.5	0.5	0.1	1.2	8.8	0	0	-0.7
Moses Brown	IND	25	9	3	6	5.1	3.2	1.4	2.2	65	0	0	0	0.3	0.6	60	0.4	1	1.4	0	0.7	0.2	0.1	0.7	5.3	0	0	-1.2
Elijah Harkless	UTA	25	10	1	9	13.8	3.2	1.1	3.5	31.4	0.7	2.5	28	0.3	0.6	50	0.9	1.2	2.1	0.8	0.3	1	0.1	1.8	9.9	0	0	3.1
Wendell Moore Jr.	DET	23	20	7	13	10.9	3.2	1.2	2.5	46	0.2	0.7	28.6	0.7	0.7	92.9	0.6	1.7	2.2	1.2	0.5	0.5	0.2	0.8	9	0	0	0.9
Blake Wesley	SAS	21	31	15	16	9.3	3.1	1.2	2.6	46.3	0.1	0.7	19	0.5	0.7	73.9	0.2	0.5	0.7	1.9	0.9	0.5	0.1	0.5	7.7	0	0	0.5
Jarred Vanderbilt	LAL	25	8	8	0	16.4	3.1	1.4	3.1	44	0.1	0.9	14.3	0.3	0.5	50	2.1	4	6.1	1.4	0.8	1.4	0.1	1.9	16.3	0	0	7.4
JT Thor	CLE	22	9	8	1	4.7	3.1	1	1.7	60	0.3	0.7	50	0.8	0.9	87.5	0.3	0.3	0.7	0.1	0.7	0.2	0.3	0.7	5.1	0	0	-3.2
Luka Garza	MIN	26	22	16	6	5.2	3.1	1.2	2.7	45	0.2	1	22.7	0.4	0.6	64.3	0.7	0.7	1.4	0.2	0.3	0.1	0	0.8	5.1	0	0	-0.3
Karlo Matkovic	NOP	23	15	3	12	13.1	3.1	1.2	2.7	43.9	0.3	0.8	33.3	0.4	0.4	100	1.4	2.3	3.7	0.7	0.9	0.5	1	1.7	12.3	0	0	-5.8
Jaylon Tyson	CLE	22	34	27	7	9.5	3.1	1.1	2.6	43.8	0.4	1	34.3	0.4	0.5	77.8	0.9	1.4	2.3	0.9	0.5	0.2	0.1	1.2	7.6	1	0	0.4
Orlando Robinson	TOR	24	19	10	9	9.7	3.1	1.1	2.8	37	0.1	0.6	18.2	0.8	1.2	72.7	0.8	1.9	2.7	0.9	0.6	0.4	0.2	1.5	8.9	0	0	-0.7
Maxi Kleber	LAL	33	34	18	16	18.7	3	1.1	2.8	38.5	0.4	1.4	26.5	0.5	0.6	76.2	0.7	2.1	2.8	1.3	0.7	0.3	0.5	1.9	9.9	0	0	-0.5
Adem Bona	PHI	21	36	10	26	10.9	3	1.1	1.6	70.2	0	0	0	0.8	1.2	63.6	1	1.8	2.8	0.3	0.7	0.2	0.8	1.9	9	0	0	-0.8
Taze Moore	POR	26	2	0	2	9.9	3	1	5	20	0.5	2	25	0.5	1	50	2	2	4	0.5	1	1	0	0	10.6	0	0	-3.5
Craig Porter Jr.	CLE	24	32	26	6	9	2.9	1.2	2.1	56.7	0.3	0.7	47.8	0.2	0.3	70	0.2	0.8	1	1.2	0.6	0.3	0.3	0.4	7.1	0	0	0.1
Tyler Smith	MIL	20	15	8	7	5	2.9	1.1	2.3	50	0.5	1.3	40	0.1	0.3	50	0.3	1	1.3	0.3	0.4	0.1	0.2	0.5	5.5	0	0	0.8
Pat Spencer	GSW	28	22	10	12	7.2	2.9	1.2	2.8	42.6	0.1	0.5	16.7	0.4	0.6	69.2	0.5	1	1.5	1.5	0.5	0.4	0.1	0.6	7.8	0	0	-0.9
Jae Crowder	SAC	34	7	2	5	13.1	2.9	0.9	2.4	35.3	0.4	1.7	25	0.7	0.9	83.3	0.9	1.6	2.4	0.6	0.6	0.4	0	1.4	7.3	0	0	-2
Kobe Brown	LAC	25	21	10	11	8	2.9	1.2	2.4	52	0.2	0.8	25	0.2	0.2	80	0.7	1.5	2.2	0.7	0.3	0.1	0.1	0.7	6.9	0	0	-0.9
Branden Carlson	OKC	25	18	16	2	5.8	2.8	1	2.1	47.4	0.7	1.7	43.3	0.1	0.1	100	0.3	1.2	1.4	0.3	0.1	0.1	0.3	0.7	6.3	0	0	2.3
TyTy Washington Jr.	PHX	23	6	0	6	10.2	2.8	1.2	3.7	31.8	0.3	2	16.7	0.2	0.3	50	0.5	0.8	1.3	1.5	0.2	0.3	0	0.2	7.5	0	0	-1
Caleb Houstan	ORL	22	36	15	21	11.8	2.8	0.9	2.8	31.4	0.8	2.4	30.7	0.3	0.3	90.9	0.4	0.6	1	0.4	0.1	0.2	0.1	1	5.3	0	0	-2.5
Dominick Barlow	ATL	21	15	4	11	7.9	2.8	1.1	2.5	44.7	0.3	0.7	36.4	0.3	0.5	50	0.3	1.3	1.5	0.2	0.1	0.2	0.5	0.6	6.9	0	0	-0.2
Mason Jones	SAC	26	5	2	3	5.6	2.8	1.2	2.4	50	0.2	1.2	16.7	0.2	0.4	50	0.4	1.2	1.6	1.8	0.2	0	0	0.2	7.2	0	0	1
Brandon Williams	DAL	25	17	8	9	7.1	2.8	0.9	2.4	40	0.3	0.9	33.3	0.6	0.8	76.9	0.1	0.6	0.8	1.1	0.6	0.2	0	0.4	5.3	0	0	-1.1
A.J. Lawson	TOR	24	4	1	3	3.8	2.8	1	2	50	0.5	1.3	40	0.3	0.8	33.3	0.3	0.5	0.8	0	0	0	0	0	3.7	0	0	-2.5
Drew Peterson	BOS	25	14	10	4	9	2.7	0.9	1.8	48	0.6	1.4	42.1	0.4	0.5	85.7	0.4	1.6	1.9	0.8	0.4	0.1	0.1	0.9	6.7	0	0	3.9
AJ Johnson	WAS	20	9	4	5	6.7	2.7	1.1	2.8	40	0.3	0.9	37.5	0.1	0.2	50	0	1	1	1.3	0.4	0.1	0	0.6	5.8	0	0	0.6
Nate Williams	HOU	26	6	6	0	3.5	2.7	1.2	1.5	77.8	0.3	0.7	50	0	0	0	0	0.5	0.5	0.2	0.2	0.3	0.2	0.2	4.9	0	0	1.5
Taj Gibson	CHA	39	23	7	16	11.5	2.6	1.1	2.5	43.9	0	0.1	50	0.4	0.6	64.3	1.5	2	3.5	0.6	0.7	0.3	0.5	1.5	9.6	0	0	-3.2
John Konchar	MEM	28	28	20	8	13.2	2.6	1	2.3	41.5	0.5	1.6	31.1	0.2	0.2	83.3	0.9	2.8	3.8	1	0.4	0.5	0.4	0.9	11	0	0	0.1
Collin Gillespie	PHX	25	7	3	4	4.2	2.6	0.9	1.4	60	0.3	0.6	50	0.6	0.7	80	0.3	0.6	0.9	0.6	0.3	0.3	0.1	0.4	5.5	0	0	-0.1
Josh Minott	MIN	22	32	20	12	6.9	2.6	1	2.2	46.4	0.2	0.9	23.3	0.3	0.4	84.6	0.3	0.8	1.1	0.4	0.2	0.4	0.3	0.8	6.4	0	0	-0.3
E.J. Liddell	CHI	24	6	2	4	5.1	2.5	0.8	1.3	62.5	0.5	1	50	0.3	0.3	100	0.2	0.7	0.8	0.5	0.3	0.2	0.2	1.3	4.9	0	0	1.3
Jackson Rowe	GSW	28	4	2	2	8.6	2.5	1	3	33.3	0.5	2.3	22.2	0	0.5	0	0	1.8	1.8	0.8	0	0.8	0	1	8	0	0	3
Rayan Rupert	POR	20	36	14	22	8	2.4	0.9	2.2	40.5	0.3	1	27.8	0.4	0.5	72.2	0.6	0.6	1.2	0.4	0.5	0.2	0.1	0.5	4.9	0	0	-2.1
Delon Wright	NYK	32	27	14	13	15.1	2.4	0.8	3	26.8	0.4	1.8	24.5	0.3	0.6	56.3	0.6	1.1	1.7	1.8	0.5	0.9	0.3	0.6	10.2	0	0	0.6
Trey Jemison III	LAL	25	23	8	15	9.8	2.4	1	2	51.1	0	0	0	0.4	1.1	36	1.1	1.6	2.7	0.5	0.6	0.3	0.4	1.9	8.1	0	0	-1.2
Johnny Davis	MEM	22	34	4	30	7.1	2.4	0.9	2.3	41	0.2	0.9	24.1	0.3	0.4	60	0.3	0.8	1.1	0.3	0.2	0.4	0.2	0.5	5.8	0	0	-0.8
Duop Reath	POR	28	26	10	16	5.3	2.3	0.8	2	38.5	0.5	1.4	33.3	0.3	0.4	80	0.3	0.5	0.8	0.2	0.2	0	0.1	0.6	3.7	0	0	-1.8
Dillon Jones	OKC	23	33	28	5	9.3	2.3	0.8	2.5	33.7	0.3	1.4	20	0.3	0.6	55	0.6	1.4	2	1	0.4	0.2	0.1	1	6.8	0	0	0.5
Lester Quinones	PHI	24	4	1	3	4.2	2.3	1	2	50	0	0.8	0	0.3	0.3	100	0.8	0.3	1	0.3	1	0	0	0	2.8	0	0	-1
Vlatko Cancar	DEN	27	4	1	3	8.6	2.3	1	1.8	57.1	0.3	0.5	50	0	0	0	0.8	1.3	2	0	0.5	0	0.3	1	4.9	0	0	-0.5
Hunter Tyson	DEN	24	38	25	13	7.7	2.2	0.7	1.8	38.6	0.4	1.2	32.6	0.4	0.6	69.6	0.3	1.2	1.6	0.4	0.3	0.1	0.1	0.9	5.1	0	0	-2
Zeke Nnaji	DEN	24	33	24	9	7.4	2.2	0.9	2	47	0.1	0.7	17.4	0.2	0.3	63.6	0.3	1	1.3	0.2	0.2	0.2	0.3	0.8	5.5	0	0	-1.3
Kai Jones	LAC	24	27	14	13	7.6	2.2	0.9	1.3	71.4	0	0.1	0	0.3	0.4	75	0.6	1.1	1.7	0.4	0.4	0.2	0.5	0.9	6.5	0	0	-0.2
Pete Nance	PHI	24	7	3	4	9.8	2.1	0.7	2.1	33.3	0.6	1.7	33.3	0.1	0.3	50	0.3	1.1	1.4	0.4	0	0.1	0	1.4	4.9	0	0	-1.7
Reece Beekman	BKN	23	21	8	13	10.6	2.1	0.9	2.4	35.3	0.2	0.9	21.1	0.2	0.4	55.6	0.2	0.5	0.7	1.5	0.5	0.6	0.1	0.7	6.8	0	0	-1.2
Patrick Baldwin Jr.	WAS	22	22	1	21	4.6	2.1	0.8	1.5	51.5	0.5	1	52.4	0.1	0.2	50	0.2	0.8	1	0.1	0.2	0.1	0.1	0.2	3.9	0	0	1.5
Chris Duarte	CHI	27	17	4	13	4.4	2.1	0.7	1.5	46.2	0.4	0.9	40	0.4	0.5	75	0.3	0.9	1.2	0.5	0.1	0	0	0.4	4.3	0	0	0.7
Christian Koloko	LAL	24	28	19	9	8.5	2.1	1	1.5	64.3	0	0.1	0	0.2	0.2	83.3	0.9	1.2	2.1	0.4	0.3	0.3	0.3	1.1	6.7	0	0	-0.5
MarJon Beauchamp	LAC	24	27	15	12	4.6	2	0.7	1.8	39.6	0.3	0.8	36.4	0.3	0.4	75	0.3	0.9	1.2	0.3	0.5	0.1	0	0.4	3.9	0	0	0.6
Adama Sanogo	CHI	23	4	2	2	5.4	2	1	1.8	57.1	0	0	0	0	0	0	1.3	0.3	1.5	0.3	0.3	0	0	0.3	3.9	0	0	-1.3
Alex Reese	OKC	25	1	1	0	1.9	2	1	1	100	0	0	0	0	0	0	1	0	1	0	0	0	0	0	3.2	0	0	3
Jalen Hood-Schifino	LAL	21	2	2	0	7.1	2	0.5	0.5	100	0	0	0	1	1	100	0.5	0	0.5	0.5	0.5	0	0.5	1.5	4.4	0	0	4
Keion Brooks Jr.	NOP	24	2	0	2	4.9	2	0.5	1	50	0	0.5	0	1	2	50	0.5	1	1.5	0.5	0	0	0	0.5	4.6	0	0	-5
Leonard Miller	MIN	21	7	5	2	2.9	2	0.4	1.7	25	0	0.7	0	1.1	1.1	100	0.4	1	1.4	0	0.3	0.1	0.1	0.3	4.3	0	0	0.3
Markieff Morris	LAL	35	9	7	2	5.9	2	0.8	3	25.9	0.4	1.9	23.5	0	0	0	0	1	1	0.7	0.3	0.1	0.1	0.4	4.5	0	0	-1.7
Cory Joseph	ORL	33	30	13	17	7.5	1.9	0.7	2	35	0.5	1.4	34.1	0.1	0.1	50	0.2	0.6	0.8	0.8	0.4	0.4	0.1	0.6	5.1	0	0	-1
Jordan McLaughlin	SAS	28	28	14	14	6.8	1.9	0.6	1.6	36.4	0.4	0.9	38.5	0.4	0.6	68.8	0.1	0.6	0.8	0.9	0.4	0.4	0	0.5	4.9	0	0	0
Johnny Furphy	IND	20	33	17	16	7.2	1.9	0.6	1.7	36.8	0.3	1	34.4	0.3	0.3	100	0.5	0.6	1.2	0.3	0.3	0.3	0.2	0.7	4.8	0	0	-0.7
Terrence Shannon Jr.	MIN	24	14	10	4	5.7	1.9	0.9	1.9	46.2	0.1	0.6	25	0	0.1	0	0	0.3	0.3	0.6	0.4	0.2	0.1	0.3	3.6	0	0	-1.4
Tyler Kolek	NYK	23	29	19	10	5.1	1.8	0.6	1.6	38.3	0.4	1	39.3	0.2	0.2	100	0.1	0.4	0.5	0.8	0.3	0.2	0	0.4	4.1	0	0	-0.5
Anthony Gill	WAS	32	37	5	32	5.6	1.8	0.6	1.2	50	0.1	0.4	33.3	0.5	0.8	60.7	0.2	0.6	0.8	0.2	0.2	0.2	0.1	0.5	3.5	0	0	-0.9
Jaden Springer	BOS	22	26	19	7	5.4	1.7	0.5	1.3	35.3	0.2	0.7	31.6	0.6	0.8	71.4	0.2	0.8	0.9	0.4	0.2	0.5	0	0.7	4.8	0	0	0.5
Enrique Freeman	IND	24	19	5	14	7.3	1.7	0.6	1.3	48	0.1	0.3	16.7	0.4	0.7	53.8	0.3	0.7	1	0.4	0.3	0.1	0.1	0.9	3.9	0	0	-2.7
Alex Ducas	OKC	24	14	14	0	4.8	1.6	0.6	1.5	38.1	0.5	1.1	43.8	0	0	0	0.4	0.7	1.1	0.1	0.1	0.1	0	0.3	3.4	0	0	-1.9
Jericho Sims	MIL	26	39	25	14	10.8	1.6	0.7	1.2	60.9	0	0	0	0.2	0.3	61.5	1.3	2	3.3	0.6	0.5	0.2	0.3	1.2	7.3	0	0	0.7
Bryce McGowens	POR	22	8	4	4	2.6	1.6	0.5	0.9	57.1	0	0.3	0	0.6	0.8	83.3	0.1	0	0.1	0.1	0.4	0.1	0	0.3	2	0	0	0.4
Ariel Hukporti	NYK	22	21	14	7	7.8	1.6	0.7	1.1	60.9	0	0	0	0.3	0.5	54.5	0.5	1.5	2	0.4	0.7	0	0.6	1	5.5	0	0	-2.3
Jordan Walsh	BOS	20	36	26	10	7.8	1.6	0.6	1.6	35.7	0.3	1.1	28.2	0.2	0.3	58.3	0.4	0.8	1.1	0.3	0.3	0.3	0.2	0.5	4.6	0	0	1.8
Keshad Johnson	MIA	23	10	5	5	5.7	1.6	0.7	1.2	58.3	0.1	0.4	25	0.1	0.6	16.7	0.2	1.5	1.7	0.3	0.3	0.1	0.4	0.5	5.3	0	0	0.1
Tristan Thompson	CLE	33	27	22	5	7.9	1.6	0.7	1.6	43.2	0	0.1	0	0.2	0.8	22.7	0.7	2.3	3	0.7	0.4	0	0.3	1	6.9	0	0	-1.7
Armel Traore	LAL	22	9	5	4	7.4	1.6	0.7	2.1	31.6	0	0.8	0	0.2	0.8	28.6	0.2	1.4	1.7	0.1	0.3	0.4	0.2	0.7	5.4	0	0	-5.4
David Duke Jr.	SAS	25	2	0	2	6	1.5	0.5	2.5	20	0	0.5	0	0.5	1	50	0	1	1	1	0.5	0	0	0.5	3.7	0	0	0.5
Jazian Gortman	DAL	21	16	8	8	3.5	1.5	0.6	1.4	39.1	0.3	0.7	36.4	0.1	0.3	50	0.1	0.3	0.3	0.4	0.3	0.1	0.1	0.6	2.7	0	0	0.7
Quincy Olivari	LAL	23	2	1	1	5.2	1.5	0.5	2.5	20	0.5	2.5	20	0	0	0	0	0	0	0.5	0.5	0	0	0	1.8	0	0	-9
Dwight Powell	DAL	33	33	18	15	7.6	1.5	0.4	0.5	77.8	0	0	100	0.6	0.9	66.7	0.7	1.1	1.8	0.7	0.2	0.4	0.5	1.2	6.9	0	0	1
Pacôme Dadiet	NYK	19	13	10	3	6.4	1.5	0.5	1.5	30	0.4	1.1	35.7	0.2	0.2	100	0	1	1	0.4	0.1	0.1	0.2	0.4	3.9	0	0	-0.1
Kessler Edwards	DAL	24	24	12	12	9.2	1.5	0.6	1.5	38.9	0.2	0.8	22.2	0.1	0.1	100	0.2	1.5	1.6	0.6	0.2	0.3	0.3	1	6.1	0	0	-2.5
Alex Len	LAL	31	36	19	17	7.2	1.4	0.6	1.1	53.7	0	0.2	16.7	0.2	0.4	53.8	0.7	1.1	1.8	0.8	0.3	0.2	0.5	1	6.7	0	0	-2.6
Colin Castleton	MEM	24	10	9	1	4.6	1.4	0.2	1	20	0	0.4	0	1	1.1	90.9	0.3	0.6	0.9	0	0.1	0.1	0.1	0.6	3	0	0	0.5
Matt Ryan	NYK	27	18	14	4	3.5	1.4	0.5	1.6	32.1	0.3	0.9	29.4	0.1	0.1	100	0	0.4	0.4	0.1	0.2	0.1	0	0.1	2.1	0	0	-2.1
Adam Flagler	OKC	25	21	19	2	4.2	1.4	0.5	2.5	21.2	0.3	2	16.7	0	0	0	0.1	0.2	0.4	0	0	0.2	0	0.4	2.6	0	0	-0.8
Jack McVeigh	HOU	28	6	5	1	3.6	1.3	0.5	1.8	27.3	0.3	1.3	25	0	0	0	0.2	0.5	0.7	0.2	0.2	0	0.2	0.2	2.7	0	0	0.3
Sidy Cissoko	POR	20	17	8	9	3.2	1.3	0.5	1.1	50	0.2	0.4	42.9	0.1	0.4	16.7	0.2	0.4	0.6	0.4	0.1	0.1	0	0.4	2.6	0	0	0.2
Yuki Kawamura	MEM	23	19	16	3	3.3	1.3	0.4	1.2	36.4	0.2	0.8	25	0.2	0.3	66.7	0	0.4	0.4	0.7	0.2	0.1	0	0.4	2.8	0	0	-0.1
Cam Christie	LAC	19	5	2	3	5.7	1.2	0.4	1.8	22.2	0.2	1.2	16.7	0.2	0.4	50	0.2	1	1.2	0.4	0.4	0.4	0	0.4	4	0	0	1.4
JD Davison	BOS	22	5	5	0	4.7	1.2	0.4	1	40	0.2	0.6	33.3	0.2	0.4	50	0	0.4	0.4	0.2	1.2	0.2	0	0.2	1.4	0	0	-6
Chris Livingston	MIL	21	12	9	3	4.8	1.2	0.4	1.1	38.5	0	0.3	0	0.3	0.5	66.7	0.5	1.1	1.6	0.1	0.4	0.3	0	0.3	3.8	0	0	-1.4
Luke Travers	CLE	23	7	6	1	6.9	1.1	0.4	1.1	37.5	0	0.6	0	0.3	0.3	100	0.3	0.7	1	0.7	0.6	0.1	0.1	0.6	3.7	0	0	0.4
Colby Jones	WAS	22	24	10	14	5.4	1.1	0.5	1.1	42.3	0.2	0.4	40	0	0	0	0.3	0.6	1	0.3	0.3	0.3	0.3	0.5	4	0	0	0.2
PJ Hall	DEN	22	14	11	3	3	1.1	0.4	0.9	50	0	0.3	0	0.2	0.3	75	0.2	0.8	1	0.2	0.1	0	0.1	0.4	2.7	0	0	-0.6
Jared Rhoden	CHA	25	4	1	3	2.9	1	0.5	2	25	0	0.5	0	0	0	0	0.5	0.5	1	0.5	0.3	0.3	0	0.3	3.5	0	0	2
Trey Alexander	DEN	21	18	12	6	4.4	1	0.4	1.3	29.2	0.1	0.6	20	0.1	0.1	100	0	0.5	0.5	0.4	0.2	0.1	0.1	0.4	2.4	0	0	-0.6
Xavier Tillman	BOS	26	27	22	5	7.2	0.9	0.4	1.5	24.4	0.1	0.9	17.4	0	0.1	50	0.3	1	1.3	0.3	0.3	0.3	0.2	0.6	4	0	0	0.1
Bronny James	LAL	20	16	11	5	4	0.9	0.3	1.5	16.7	0.1	0.6	10	0.3	0.4	71.4	0.1	0.4	0.4	0.4	0.3	0.3	0.1	0.4	2.9	0	0	-1.5
Maxwell Lewis	BKN	22	8	4	4	3.8	0.9	0.4	0.9	42.9	0.1	0.1	100	0	0	0	0.3	0	0.3	0.3	0.3	0.1	0	0.1	1.7	0	0	-3.3
Joe Ingles	MIN	37	14	8	6	6.2	0.9	0.4	1	35.7	0.1	0.5	28.6	0	0	0	0.1	0.4	0.5	1.1	0.5	0.1	0	0.7	3.1	0	0	-0.6
RayJ Dennis	IND	23	6	4	2	1.9	0.8	0.2	0.5	33.3	0.2	0.5	33.3	0.3	0.3	100	0.2	0.3	0.5	0.2	0.3	0.3	0	0.2	2.4	0	0	0.2
Baylor Scheierman	BOS	24	11	10	1	6.3	0.8	0.3	1.7	15.8	0.1	1.3	7.1	0.2	0.2	100	0.2	1.4	1.5	0.6	0.1	0.3	0	0.5	4.4	0	0	-0.5
Jalen Bridges	PHX	23	5	0	5	5	0.8	0.2	0.8	25	0.2	0.8	25	0.2	0.4	50	0	0.6	0.6	0	0.8	0	0	0	0.7	0	0	0
James Johnson	IND	37	10	4	6	3.2	0.8	0.4	0.9	44.4	0	0.3	0	0	0.1	0	0	0.5	0.5	0.4	0.4	0	0.2	0.4	2.2	0	0	-0.4
PJ Dozier	MIN	28	9	7	2	3.9	0.8	0.2	0.3	66.7	0.2	0.3	66.7	0.1	0.7	16.7	0.1	0.4	0.6	0.6	0.1	0.1	0	0.3	2.5	0	0	-0.4
D.J. Carton	TOR	24	4	1	3	8.3	0.8	0.3	1.8	14.3	0	0.8	0	0.3	0.3	100	0	1	1	0.8	1	0.5	0	0.3	3.6	0	0	3
Isaiah Crawford	SAC	23	4	3	1	3.5	0.8	0.3	0.8	33.3	0	0.3	0	0.3	0.5	50	0	1	1	0	0	0	0	0.3	2	0	0	3.5
Jaylen Martin	WAS	21	4	2	2	1.6	0.8	0.3	1	25	0.3	0.3	100	0	0	0	0.3	0.3	0.5	0	0	0	0	0.3	1.4	0	0	0.3
Josh Christopher	MIA	23	8	4	4	3.4	0.8	0.3	0.9	28.6	0	0.1	0	0.3	0.5	50	0	0.4	0.4	0.5	0.5	0	0.1	0.1	1.8	0	0	-1
Ulrich Chomche	TOR	19	7	3	4	4.6	0.7	0.3	0.7	40	0	0	0	0.1	0.3	50	0.6	0.6	1.1	0.3	0.3	0	0.1	0.7	2.7	0	0	-3.4
Liam Robbins	MIL	25	13	8	5	4.4	0.7	0.2	0.6	25	0	0.2	0	0.4	0.8	50	0.5	0.4	0.9	0.2	0.5	0.2	0.2	0.7	2.5	0	0	-0.4
Garrett Temple	TOR	38	17	6	11	3.9	0.6	0.2	0.9	20	0.1	0.4	14.3	0.2	0.2	100	0.1	0.5	0.6	0.6	0.2	0.4	0.1	0.4	3.5	0	0	-0.2
Stanley Umude	MIL	25	19	12	7	3.2	0.6	0.2	1.1	20	0.1	0.6	18.2	0.1	0.2	50	0.2	0.5	0.7	0.1	0.1	0.2	0.1	0.3	2.4	0	0	-0.7
Cui Yongxi	BKN	21	5	2	3	2.1	0.6	0.2	1.4	14.3	0	0.6	0	0.2	0.4	50	0	0.4	0.4	0	0	0	0	0	1.1	0	0	0.4
Emoni Bates	CLE	21	6	6	0	4	0.5	0.2	2	8.3	0.2	1.7	10	0	0	0	0	0	0	0.7	0	0	0	0.3	1.5	0	0	-2.5
Spencer Jones	DEN	23	10	9	1	2.7	0.5	0.2	0.8	25	0.1	0.6	16.7	0	0	0	0.1	0.3	0.4	0	0.2	0.3	0	0.4	1.7	0	0	-1.2
Tristen Newton	MIN	23	7	1	6	2	0.4	0.1	1	14.3	0	0.4	0	0.1	0.1	100	0.3	0.3	0.6	0.3	0.1	0.1	0	0.6	1.8	0	0	-0.1
Jacob Toppin	NYK	24	16	12	4	3	0.4	0.2	0.6	30	0	0.1	0	0	0	0	0.1	0.6	0.7	0.3	0.1	0.1	0	0.2	1.8	0	0	-1.1
Daishen Nix	SAC	23	3	3	0	4.4	0.3	0	0.3	0	0	0.3	0	0.3	0.7	50	0	1.3	1.3	1	1.3	0	0	0.3	2.1	0	0	3
Malevy Leons	OKC	25	6	6	0	3.5	0.3	0	0.3	0	0	0.2	0	0.3	0.7	50	0.2	0.3	0.5	0.2	0.2	0	0	0.7	1	0	0	-3
Bobi Klintman	DET	21	3	2	1	2.5	0	0	0.7	0	0	0.3	0	0	0	0	0	0.7	0.7	0.3	0	0	0	0.7	1.3	0	0	-1.7
Chuma Okeke	PHI	26	1	0	1	2.2	0	0	0	0	0	0	0	0	0	0	0	1	1	0	0	0	0	0	1.2	0	0	6
Cole Swider	DET	25	2	0	2	6.5	0	0	2.5	0	0	2.5	0	0	0	0	0	1	1	0.5	0	0	0	0.5	2	0	0	5
Daniss Jenkins	DET	23	4	2	2	2.1	0	0	1	0	0	1	0	0	0	0	0	0	0	0	0.3	0	0	0.3	-0.3	0	0	-3.5
Harrison Ingram	SAS	22	2	0	2	5.3	0	0	1	0	0	0.5	0	0	0	0	0	1	1	0	0	0	0	0.5	1.2	0	0	0.5
Jahlil Okafor	IND	29	1	0	1	3.4	0	0	0	0	0	0	0	0	0	0	0	1	1	1	0	0	0	0	2.7	0	0	5
Justin Minaya	POR	25	6	1	5	2.9	0	0	0.2	0	0	0	0	0	0	0	0.3	0.2	0.5	0.3	0	0.2	0	0.5	1.6	0	0	-1.7
Mac McClung	ORL	26	1	0	1	4.9	0	0	0	0	0	0	0	0	0	0	0	1	1	2	0	0	0	0	4.2	0	0	11
Riley Minix	SAS	24	1	0	1	6.8	0	0	1	0	0	1	0	0	0	0	0	2	2	0	0	0	0	0	2.4	0	0	0
Zyon Pullin	MEM	23	2	1	1	0.8	0	0	0	0	0	0	0	0	0	0	0	0	0	0	0	0	0	0	0	0	0	0
